1523923200,0.25551,0.288,0.23983,0.2426,67462293.24,1.52401E+12,17411823.57,42568,,,,,,
1524009600,0.2426,0.2646,0.24201,0.262,31328095.79,1.5241E+12,7922134.283,21684,,,,,,
1524096000,0.26199,0.275,0.25777,0.27004,50859980.22,1.52418E+12,13609907.9,32600,,,,,,
1524182400,0.27004,0.30442,0.26648,0.30108,71084276.49,1.52427E+12,20270887.7,46506,,,,,,
1524268800,0.30161,0.307,0.26509,0.28668,92719842.91,1.52436E+12,26539390.13,55256,,,,,,
1524355200,0.28669,0.2973,0.27716,0.2816,48693828.46,1.52444E+12,13995484.41,31512,,,,,,
1524441600,0.2816,0.28867,0.28064,0.28788,34341260.85,1.52453E+12,9788784.217,22695,,,,,,
1524528000,0.28798,0.32,0.28593,0.30853,90526059.79,1.52461E+12,27728564.27,59339,,,,,,
1524614400,0.3085,0.31099,0.2573,0.2687,124688510.3,1.5247E+12,34935280.92,75613,,,,,,
1524700800,0.2687,0.2939,0.255,0.29326,68109625.26,1.52479E+12,18704063.46,46981,,,,,,
1524787200,0.29326,0.30643,0.28145,0.28445,69781321.86,1.52487E+12,20504315.28,46133,,,,,,
1524873600,0.2844,0.36498,0.2817,0.35676,168937876.2,1.52496E+12,56407387.73,103617,,,,,,
1524960000,0.35675,0.3866,0.3415,0.36254,162840222,1.52505E+12,59607359.48,103067,,,,,,
1525046400,0.36251,0.3637,0.33,0.34145,93142615.39,1.52513E+12,32338238.11,71564,,,,,,
1525132800,0.34145,0.36034,0.3187,0.35504,120368721.8,1.52522E+12,40859084,71249,,,,,,
1525219200,0.35498,0.37586,0.345,0.37199,65457686.29,1.52531E+12,23759298.73,54666,,,,,,
1525305600,0.37199,0.3885,0.36402,0.36716,88326409.65,1.52539E+12,32983955.92,68511,,,,,,
1525392000,0.36683,0.36897,0.3465,0.358,56069269.37,1.52548E+12,20199051.78,44209,,,,,,
1525478400,0.3584,0.37434,0.35771,0.36502,46962690.28,1.52556E+12,17211963.4,37709,,,,,,
1525564800,0.36502,0.36641,0.33538,0.34654,63926868.16,1.52565E+12,22202800.23,45636,,,,,,
1525651200,0.34599,0.3474,0.291,0.33046,64060938.79,1.52574E+12,20855267.85,45899,,,,,,
1525737600,0.33079,0.34559,0.3163,0.32213,45105012.01,1.52582E+12,14851982.51,36389,,,,,,
1525824000,0.32213,0.32547,0.298,0.31884,60635549.24,1.52591E+12,18957201.22,40624,,,,,,
1525910400,0.31884,0.3221,0.291,0.29121,38210521.24,1.526E+12,11849062.06,33669,,,,,,
1525996800,0.29121,0.29349,0.2488,0.25573,141274876.7,1.52608E+12,37716105.25,87880,,,,,,
1526083200,0.25574,0.27898,0.23402,0.2655,145891622.2,1.52617E+12,37755754.09,75721,,,,,,
1526169600,0.26497,0.285,0.256,0.27718,80814388.52,1.52626E+12,21946942.41,47969,,,,,,
1526256000,0.27718,0.27815,0.25123,0.26655,91273066.64,1.52634E+12,24211870.76,52143,,,,,,
1526342400,0.26631,0.275,0.2513,0.25394,45482311.92,1.52643E+12,12032089.9,31261,,,,,,
1526428800,0.25394,0.2558,0.237,0.25237,52406357.98,1.52652E+12,12799326.88,31751,,,,,,
1526515200,0.25237,0.26054,0.23666,0.23919,40168712.8,1.5266E+12,10013492.94,26905,,,,,,
1526601600,0.23915,0.245,0.23037,0.24324,42061886.81,1.52669E+12,9979718.328,27682,,,,,,
1526688000,0.24382,0.2475,0.2358,0.24116,32607149.46,1.52677E+12,7905841.553,18969,,,,,,
1526774400,0.24151,0.26006,0.23832,0.25556,47300696.99,1.52686E+12,11840033.99,28039,,,,,,
1526860800,0.25556,0.25999,0.24301,0.24563,41754180.2,1.52695E+12,10487356.7,25176,,,,,,
1526947200,0.24588,0.2473,0.21841,0.22,46428678.88,1.52703E+12,10824531.95,28214,,,,,,
1527033600,0.22,0.2231,0.1927,0.1978,109714442.6,1.52712E+12,22651868.64,55284,,,,,,
1527120000,0.19767,0.2104,0.18865,0.2073,77927006.83,1.52721E+12,15619668.84,38792,,,,,,
1527206400,0.20731,0.209,0.19351,0.19788,75352005.68,1.52729E+12,15042769.7,31890,,,,,,
1527292800,0.19798,0.204,0.1938,0.19504,75181277.32,1.52738E+12,15025229.88,28481,,,,,,
1527379200,0.19506,0.1958,0.1901,0.19186,69065730.8,1.52747E+12,13321221.37,27380,,,,,,
1527465600,0.19198,0.194,0.17125,0.17249,97552880.14,1.52755E+12,17761407.23,38916,,,,,,
1527552000,0.17249,0.20896,0.17055,0.20164,152230373.8,1.52764E+12,29484111.35,55599,,,,,,
1527638400,0.20176,0.21683,0.19689,0.20779,170042582.1,1.52772E+12,35159335.42,64428,,,,,,
1527724800,0.20846,0.22879,0.20321,0.2233,168752746,1.52781E+12,36816251.27,64531,,,,,,
1527811200,0.22331,0.2285,0.21347,0.22038,120335358.8,1.5279E+12,26449032.08,46951,,,,,,
1527897600,0.22038,0.23,0.21666,0.22648,112561553.7,1.52798E+12,25188851.98,43345,,,,,,
1527984000,0.22647,0.23677,0.22259,0.22659,118516861,1.52807E+12,27239878.84,42996,,,,,,
1528070400,0.2266,0.2303,0.20882,0.21243,117544611.9,1.52816E+12,25442053.92,43191,,,,,,
1528156800,0.21217,0.2216,0.20221,0.21839,126062349.9,1.52824E+12,26603749.03,44089,,,,,,
1528243200,0.21835,0.21949,0.20799,0.21452,95597932,1.52833E+12,20492327.43,35295,,,,,,
1528329600,0.2147,0.21863,0.208,0.21019,88495885.67,1.52842E+12,18813214.99,31834,,,,,,
1528416000,0.21034,0.21053,0.20025,0.2043,88036857.34,1.5285E+12,18054928.07,30863,,,,,,
1528502400,0.2043,0.21,0.20031,0.2011,77594290.31,1.52859E+12,15907932.18,23821,,,,,,
1528588800,0.20108,0.20108,0.16806,0.17346,142220130.4,1.52868E+12,26299148.27,52191,,,,,,
1528675200,0.17346,0.18067,0.16404,0.17897,89060527.57,1.52876E+12,15313409.39,33296,,,,,,
1528761600,0.1791,0.1813,0.158,0.16297,92630936.01,1.52885E+12,15698398.07,32901,,,,,,
1528848000,0.16309,0.16609,0.145,0.15791,123774555.4,1.52893E+12,19368912.27,40956,,,,,,
1528934400,0.15798,0.177,0.153,0.17062,201282329.4,1.52902E+12,33697548.93,58839,,,,,,
1529020800,0.17091,0.171,0.15997,0.16097,114391790.3,1.52911E+12,18948487,34656,,,,,,
1529107200,0.16098,0.16436,0.15762,0.16191,78883976.9,1.52919E+12,12764446.97,23527,,,,,,
1529193600,0.16209,0.16436,0.15962,0.16044,83655537.2,1.52928E+12,13575832.1,21580,,,,,,
1529280000,0.16047,0.1681,0.1554,0.1637,106510458.5,1.52937E+12,17174549.77,30114,,,,,,
1529366400,0.1637,0.17149,0.1612,0.167,92579516.2,1.52945E+12,15231501.32,26289,,,,,,
1529452800,0.16675,0.16768,0.15675,0.16182,101010133.4,1.52954E+12,16214788.58,27526,,,,,,
1529539200,0.16181,0.16369,0.1567,0.15779,81701394.9,1.52963E+12,13030421.88,22368,,,,,,
1529625600,0.15773,0.15861,0.13429,0.13843,130675681.8,1.52971E+12,18900553.62,40049,,,,,,
1529712000,0.13786,0.14189,0.13345,0.1371,87709847.3,1.5298E+12,12031629.06,23011,,,,,,
1529798400,0.13708,0.13828,0.1191,0.13093,143899464.5,1.52988E+12,18339842.45,39084,,,,,,
1529884800,0.13085,0.13889,0.12619,0.13521,112684748.8,1.52997E+12,15029140.8,29650,,,,,,
1529971200,0.13521,0.13571,0.12458,0.12519,64025933.4,1.53006E+12,8332822.368,15638,,,,,,
1530057600,0.12512,0.12832,0.12271,0.12752,94123430.1,1.53014E+12,11836952.24,21051,,,,,,
1530144000,0.12753,0.12891,0.11742,0.11825,98846440.6,1.53023E+12,12274562.8,25411,,,,,,
1530230400,0.11818,0.127,0.11359,0.12534,127501994.7,1.53032E+12,15077120.15,31922,,,,,,
1530316800,0.12541,0.1388,0.12533,0.13784,165385662.3,1.5304E+12,22119921.04,36917,,,,,,
1530403200,0.13783,0.1459,0.13303,0.14211,154425115.8,1.53049E+12,21470960.33,36356,,,,,,
1530489600,0.14196,0.16209,0.1376,0.15448,188333609.6,1.53058E+12,28182795.05,45262,,,,,,
1530576000,0.15448,0.16054,0.14811,0.14966,185062896.2,1.53066E+12,28543767.43,42996,,,,,,
1530662400,0.14973,0.15999,0.14586,0.15112,102961027.2,1.53075E+12,15877090.21,24390,,,,,,
1530748800,0.15122,0.15598,0.143,0.14736,124928340.7,1.53084E+12,18668509.7,35260,,,,,,
1530835200,0.14735,0.14759,0.13803,0.14501,95720066.5,1.53092E+12,13705010.59,31236,,,,,,
1530921600,0.14528,0.14842,0.13698,0.14783,90194782.4,1.53101E+12,12733744.37,27656,,,,,,
1531008000,0.14775,0.15,0.14405,0.14481,92832130.7,1.53109E+12,13605680.52,27217,,,,,,
1531094400,0.14482,0.14575,0.13876,0.13935,75579037.6,1.53118E+12,10806388.56,23157,,,,,,
1531180800,0.13934,0.13972,0.12711,0.12814,111283154.2,1.53127E+12,14705036.47,32000,,,,,,
1531267200,0.12807,0.13376,0.12467,0.13144,99990240.3,1.53135E+12,12938143.58,29173,,,,,,
1531353600,0.13145,0.13149,0.122,0.1275,86139318.3,1.53144E+12,10826108.82,25414,,,,,,
1531440000,0.12747,0.14356,0.12458,0.13768,152719307.5,1.53153E+12,20386084.28,41108,,,,,,
1531526400,0.13735,0.14117,0.13303,0.1365,115057588.4,1.53161E+12,15709436.49,32807,,,,,,
1531612800,0.13664,0.14594,0.13459,0.14227,109368381.5,1.5317E+12,15336572.63,25077,,,,,,
1531699200,0.14231,0.15855,0.14037,0.15655,149953484,1.53179E+12,22530513.27,36411,,,,,,
1531785600,0.15655,0.17644,0.15002,0.17136,213123360.6,1.53187E+12,34486695.68,53089,,,,,,
1531872000,0.17136,0.19701,0.17109,0.18053,416309854,1.53196E+12,76064597.39,97110,,,,,,
1531958400,0.18061,0.19217,0.17149,0.18191,282232209.8,1.53204E+12,51344983.98,70480,,,,,,
1532044800,0.18164,0.18348,0.159,0.16129,253384617.5,1.53213E+12,43743580.19,70861,,,,,,
1532131200,0.16112,0.16998,0.15388,0.16327,174968628.3,1.53222E+12,28648235.16,50525,,,,,,
1532217600,0.1634,0.1792,0.16164,0.16916,189326194.2,1.5323E+12,32449318.58,52538,,,,,,
1532304000,0.16937,0.18057,0.16409,0.16423,194302721.3,1.53239E+12,33628174.78,56695,,,,,,
1532390400,0.16411,0.17868,0.16001,0.17349,240608913.2,1.53248E+12,41008030.21,70441,,,,,,
1532476800,0.1736,0.17728,0.16644,0.17275,176309661.4,1.53256E+12,30296987.58,54621,,,,,,
1532563200,0.17274,0.1755,0.1616,0.164,148549658.7,1.53265E+12,25320711.34,45036,,,,,,
1532649600,0.16397,0.1693,0.1551,0.1659,166105202.2,1.53274E+12,27037783.03,48578,,,,,,
1532736000,0.16586,0.16662,0.15915,0.1641,93577557.9,1.53282E+12,15278409.56,27857,,,,,,
1532822400,0.16387,0.1656,0.15954,0.16268,86539098.9,1.53291E+12,14038575.98,24027,,,,,,
1532908800,0.16274,0.163,0.14716,0.15327,117831615.3,1.533E+12,18356726.95,35384,,,,,,
1532995200,0.15323,0.15349,0.139,0.14175,139280124.8,1.53308E+12,20066629.3,40893,,,,,,
1533081600,0.14152,0.14474,0.135,0.13984,125588838.3,1.53317E+12,17478129.62,37142,,,,,,
1533168000,0.13983,0.14149,0.1285,0.13039,131792025,1.53325E+12,17601744.11,34817,,,,,,
1533254400,0.13079,0.13473,0.1229,0.12947,138792398.4,1.53334E+12,17849122.12,39754,,,,,,
1533340800,0.12941,0.13358,0.12353,0.12639,101749830.7,1.53343E+12,13088694.26,28602,,,,,,
1533427200,0.12622,0.1313,0.1244,0.13024,96484560.4,1.53351E+12,12348494.26,24856,,,,,,
1533513600,0.1305,0.13618,0.12644,0.12937,103522434.8,1.5336E+12,13503375.37,33019,,,,,,
1533600000,0.12937,0.13227,0.12252,0.12365,117382777.3,1.53369E+12,15089313.74,36526,,,,,,
1533686400,0.1238,0.12387,0.10855,0.11292,165723801.7,1.53377E+12,19137563.24,50222,,,,,,
1533772800,0.11281,0.12631,0.11272,0.12213,177290775.9,1.53386E+12,21251907.06,52337,,,,,,
1533859200,0.12213,0.1238,0.11132,0.11485,163283852.6,1.53395E+12,19258388.59,50645,,,,,,
1533945600,0.11461,0.11633,0.10713,0.11022,132856521.3,1.53403E+12,14807890.3,48423,,,,,,
1534032000,0.11022,0.1145,0.10859,0.11153,84899955.5,1.53412E+12,9497076.505,29129,,,,,,
1534118400,0.11152,0.11415,0.101,0.10104,117825288.1,1.5342E+12,12797213.39,36739,,,,,,
1534204800,0.10102,0.10113,0.084,0.0935,178829259.1,1.53429E+12,16208312.73,53519,,,,,,
1534291200,0.0935,0.10131,0.09339,0.09361,184857078.8,1.53438E+12,17948100.31,52155,,,,,,
1534377600,0.09361,0.0982,0.09138,0.0946,124134745.3,1.53446E+12,11758177.22,31747,,,,,,
1534464000,0.0946,0.11,0.0937,0.11,234081259.8,1.53455E+12,23758690.35,60394,,,,,,
1534550400,0.11,0.11247,0.09514,0.09831,213897957.5,1.53464E+12,22016591.83,57730,,,,,,
1534636800,0.09832,0.10356,0.09633,0.10143,123775994.1,1.53472E+12,12386039.55,35479,,,,,,
1534723200,0.10131,0.10299,0.09159,0.09174,135267717.6,1.53481E+12,13220183.1,36008,,,,,,
1534809600,0.09203,0.09541,0.09001,0.09469,132327843.8,1.5349E+12,12298393.67,31231,,,,,,
1534896000,0.09469,0.10082,0.08682,0.08955,188859218.1,1.53498E+12,17793823.92,43273,,,,,,
1534982400,0.08926,0.0942,0.08835,0.09232,127991686.6,1.53507E+12,11585684.68,31074,,,,,,
1535068800,0.09222,0.0945,0.0903,0.09381,122264201.2,1.53516E+12,11280118.49,25954,,,,,,
1535155200,0.09372,0.09496,0.09177,0.09413,122813941.7,1.53524E+12,11474799.33,27542,,,,,,
1535241600,0.0942,0.09467,0.0905,0.09306,106480637.6,1.53533E+12,9831305.252,22445,,,,,,
1535328000,0.09306,0.10157,0.09206,0.10051,167559247.9,1.53541E+12,16093712.17,39315,,,,,,
1535414400,0.1005,0.10749,0.0996,0.10555,216112224,1.5355E+12,22262997.83,52680,,,,,,
1535500800,0.10555,0.10919,0.10121,0.10535,223271747.1,1.53559E+12,23388925.13,51620,,,,,,
1535587200,0.10535,0.10753,0.09661,0.10066,192982516.5,1.53567E+12,19408874.82,45043,,,,,,
1535673600,0.10083,0.10343,0.09851,0.1017,150820489.4,1.53576E+12,15184451.11,33805,,,,,,
1535760000,0.10158,0.11032,0.10131,0.10699,197881916.2,1.53585E+12,21017943.91,44736,,,,,,
1535846400,0.10699,0.10771,0.102,0.10499,160240191.3,1.53593E+12,16827126.4,38531,,,,,,
1535932800,0.10471,0.1055,0.10215,0.10352,112188192.6,1.53602E+12,11665701.9,27578,,,,,,
1536019200,0.1036,0.10709,0.10334,0.10521,140038510,1.53611E+12,14732214.85,29692,,,,,,
1536105600,0.10522,0.10621,0.08561,0.08637,235189147.4,1.53619E+12,22488281.27,53547,,,,,,
1536192000,0.08637,0.08877,0.08085,0.0884,183458796.3,1.53628E+12,15557382.53,43553,,,,,,
1536278400,0.08835,0.08946,0.0813,0.08287,135249064.3,1.53636E+12,11494798.96,29613,,,,,,
1536364800,0.08285,0.0844,0.07654,0.07749,131933174.1,1.53645E+12,10678960.45,29126,,,,,,
1536451200,0.07737,0.08097,0.07353,0.07601,160703125,1.53654E+12,12434244.16,34851,,,,,,
1536537600,0.07592,0.07867,0.0666,0.07343,173188426.7,1.53662E+12,12854477.94,32840,,,,,,
1536624000,0.07345,0.07475,0.06574,0.0701,181972671.9,1.53671E+12,12749350.51,35625,,,,,,
1536710400,0.06999,0.07036,0.06089,0.06627,283607640.7,1.5368E+12,18112357.75,50834,,,,,,
1536796800,0.06628,0.07181,0.06497,0.06951,317801481.5,1.53688E+12,21681012.73,55956,,,,,,
1536883200,0.06957,0.07077,0.06541,0.06749,234221654.6,1.53697E+12,15967296.01,42982,,,,,,
1536969600,0.06743,0.07068,0.06732,0.06895,154219827.1,1.53706E+12,10670168.26,29132,,,,,,
1537056000,0.06889,0.07,0.06568,0.06988,141868349.3,1.53714E+12,9662422.851,27985,,,,,,
1537142400,0.06988,0.07023,0.06256,0.06347,203297571.7,1.53723E+12,13546342.67,36438,,,,,,
1537228800,0.06332,0.07012,0.06193,0.069,236846149.5,1.53732E+12,15744126.55,41182,,,,,,
1537315200,0.06892,0.07441,0.06622,0.07218,365958539.1,1.5374E+12,25819092.37,55820,,,,,,
1537401600,0.07218,0.08389,0.07111,0.08089,330838102.6,1.53749E+12,24953393.73,52731,,,,,,
1537488000,0.08086,0.09035,0.08065,0.08773,551641826,1.53757E+12,47146894.07,88838,,,,,,
1537574400,0.08767,0.08913,0.0792,0.08338,227327697.6,1.53766E+12,18918465.52,39063,,,,,,
1537660800,0.08331,0.0939,0.08281,0.08986,424470856.1,1.53775E+12,38081791.6,70294,,,,,,
1537747200,0.08985,0.09197,0.08146,0.08241,323249784.2,1.53783E+12,27749292.25,55453,,,,,,
1537833600,0.08245,0.08246,0.07425,0.08108,328241867,1.53792E+12,25610886.78,61222,,,,,,
1537920000,0.08114,0.08311,0.07648,0.07913,254963273.1,1.53801E+12,20418673.89,49378,,,,,,
1538006400,0.07912,0.0889,0.07777,0.08629,346873558.6,1.53809E+12,28942790.15,58775,,,,,,
1538092800,0.0863,0.0885,0.081,0.0839,316240861.2,1.53818E+12,26831854.16,57741,,,,,,
1538179200,0.0839,0.0868,0.08106,0.08446,208369497.3,1.53827E+12,17474246.04,40621,,,,,,
1538265600,0.08444,0.0874,0.0825,0.08511,189401740.9,1.53835E+12,16135637.35,36726,,,,,,
1538352000,0.08511,0.087,0.08203,0.08467,136128526.6,1.53844E+12,11499178.37,29182,,,,,,
1538438400,0.08451,0.0851,0.08151,0.08224,133043293.2,1.53852E+12,11104554.96,27511,,,,,,
1538524800,0.08221,0.08248,0.0782,0.08088,146109517.9,1.53861E+12,11751915.19,29928,,,,,,
1538611200,0.08082,0.08319,0.08044,0.08164,123500312.2,1.5387E+12,10142882.8,24701,,,,,,
1538697600,0.08161,0.0845,0.08029,0.08339,117646712.9,1.53878E+12,9644648.123,23905,,,,,,
1538784000,0.08339,0.08411,0.0808,0.08151,110744781.9,1.53887E+12,9106937.669,21086,,,,,,
1538870400,0.08156,0.08558,0.08033,0.08464,128627175.2,1.53896E+12,10628605.71,24006,,,,,,
1538956800,0.08465,0.0889,0.08348,0.08698,182425366.6,1.53904E+12,15702721.36,36931,,,,,,
1539043200,0.08698,0.08808,0.0848,0.08659,134872526,1.53913E+12,11653933.72,28492,,,,,,
1539129600,0.08655,0.0869,0.08359,0.08542,131687962.6,1.53922E+12,11185503.4,27328,,,,,,
1539216000,0.08547,0.08547,0.0692,0.07079,264191236.5,1.5393E+12,20154848.28,54100,,,,,,
1539302400,0.07079,0.0766,0.0695,0.0732,163124680.7,1.53939E+12,12076830.53,35749,,,,,,
1539388800,0.07314,0.07545,0.07258,0.07374,110544712.7,1.53948E+12,8200029.624,24159,,,,,,
1539475200,0.07374,0.07459,0.07098,0.0717,126401158.7,1.53956E+12,9291731.953,23942,,,,,,
1539561600,0.07164,0.08497,0.07,0.07671,301872201.8,1.53965E+12,23342361.11,58520,,,,,,
1539648000,0.0767,0.07884,0.07565,0.07777,115794153.4,1.53973E+12,8947700.331,27071,,,,,,
1539734400,0.07772,0.08132,0.07701,0.07994,131284053,1.53982E+12,10372819.69,30241,,,,,,
1539820800,0.07994,0.08069,0.075,0.07668,127667976.1,1.53991E+12,10003399.98,28786,,,,,,
1539907200,0.07668,0.0779,0.07577,0.07683,79407741.3,1.53999E+12,6094608.157,18842,,,,,,
1539993600,0.07691,0.07876,0.0761,0.07768,97554451,1.54008E+12,7585569.132,23306,,,,,,
1540080000,0.07769,0.07908,0.07691,0.07721,97607480.6,1.54017E+12,7634851.101,21431,,,,,,
1540166400,0.07722,0.07785,0.0761,0.07731,65297281.2,1.54025E+12,5037407.471,16180,,,,,,
1540252800,0.0773,0.07757,0.0735,0.07597,55448274,1.54034E+12,4197037.584,15748,,,,,,
1540339200,0.07597,0.07708,0.0753,0.07539,41098558.1,1.54043E+12,3131207.868,12667,,,,,,
1540425600,0.07537,0.07564,0.0737,0.07478,32103956.7,1.54051E+12,2402661.51,10320,,,,,,
1540512000,0.07485,0.0754,0.07348,0.07471,29996800.2,1.5406E+12,2235986.191,10601,,,,,,
1540598400,0.07471,0.07487,0.07329,0.07352,25730010.7,1.54068E+12,1903561.808,8364,,,,,,
1540684800,0.07352,0.07392,0.07255,0.07364,25407915.5,1.54077E+12,1862439.046,7677,,,,,,
1540771200,0.07358,0.07379,0.069,0.07019,59442955.1,1.54086E+12,4218854.64,15639,,,,,,
1540857600,0.07018,0.07077,0.06963,0.07007,28837088,1.54094E+12,2025340.376,8436,,,,,,
1540944000,0.07007,0.07199,0.06773,0.07061,45075801.2,1.54103E+12,3141750.372,13949,,,,,,
1541030400,0.07051,0.07198,0.06966,0.07127,30472543.2,1.54112E+12,2150049.558,11719,,,,,,
1541116800,0.07127,0.0738,0.0706,0.07311,39046967.2,1.5412E+12,2818219.513,16706,,,,,,
1541203200,0.07311,0.07331,0.0708,0.07177,32565529,1.54129E+12,2341982.637,11588,,,,,,
1541289600,0.07177,0.07857,0.0712,0.0773,113670531.6,1.54138E+12,8593513.734,28380,,,,,,
1541376000,0.0773,0.07946,0.07499,0.07685,64247590,1.54146E+12,4930039.432,21447,,,,,,
1541462400,0.07678,0.08198,0.07678,0.08168,104955381.9,1.54155E+12,8327429.936,31655,,,,,,
1541548800,0.08165,0.0826,0.07812,0.079,100250219,1.54164E+12,8034071.096,29294,,,,,,
1541635200,0.07903,0.08,0.07647,0.07684,94093833.3,1.54172E+12,7324704.974,26918,,,,,,
1541721600,0.07682,0.0782,0.07401,0.07463,61234405.1,1.54181E+12,4650961.426,18848,,,,,,
1541808000,0.0746,0.07657,0.07419,0.07548,30553646.6,1.54189E+12,2304643.37,10721,,,,,,
1541894400,0.07549,0.07798,0.0746,0.077,50981007.5,1.54198E+12,3883177.131,16925,,,,,,
1541980800,0.07698,0.078,0.07552,0.07687,49381671.4,1.54207E+12,3797242.372,16039,,,,,,
1542067200,0.0769,0.07715,0.0744,0.07465,46946579.5,1.54215E+12,3565039.113,15587,,,,,,
1542153600,0.07465,0.0747,0.06241,0.06657,158251244.2,1.54224E+12,10655305.11,36216,,,,,,
1542240000,0.0665,0.0669,0.05811,0.06435,191874027,1.54233E+12,11956558.54,48878,,,,,,
1542326400,0.06431,0.06499,0.0603,0.06145,91253392,1.54241E+12,5693309.865,23651,,,,,,
1542412800,0.06148,0.06157,0.0596,0.06123,55504074.8,1.5425E+12,3370869.027,15154,,,,,,
1542499200,0.06122,0.06354,0.06115,0.06234,57846589.3,1.54259E+12,3604377.946,13469,,,,,,
1542585600,0.06235,0.06246,0.05112,0.0527,212725809.1,1.54267E+12,11624561.6,42121,,,,,,
1542672000,0.05265,0.05334,0.0427,0.04587,368762662.4,1.54276E+12,17529273.55,60749,,,,,,
1542758400,0.04582,0.04971,0.04332,0.04839,215533431.5,1.54284E+12,10017106.02,35090,,,,,,
1542844800,0.04843,0.04914,0.04366,0.04407,105720802.8,1.54293E+12,4963962.997,17558,,,,,,
1542931200,0.04409,0.0451,0.0416,0.0438,136540568.7,1.54302E+12,5914728.897,22410,,,,,,
1543017600,0.0439,0.0454,0.03699,0.039,177954815,1.5431E+12,7271683.387,22035,,,,,,
1543104000,0.039,0.03965,0.03315,0.03832,260385525.8,1.54319E+12,9470723.115,33370,,,,,,
1543190400,0.03832,0.04017,0.03453,0.03652,267212196.5,1.54328E+12,9982083.163,36457,,,,,,
1543276800,0.03655,0.03778,0.03401,0.03693,156122026.1,1.54336E+12,5574331.489,22022,,,,,,
1543363200,0.03695,0.0442,0.03691,0.04222,327311575.7,1.54345E+12,13155676.56,41280,,,,,,
1543449600,0.04214,0.04487,0.03957,0.04194,243467555.5,1.54354E+12,10246342.85,37294,,,,,,
1543536000,0.04198,0.0425,0.03765,0.03907,186391587.5,1.54362E+12,7386293.274,28494,,,,,,
1543622400,0.03907,0.0424,0.03804,0.04138,125557616.1,1.54371E+12,5104465.059,20785,,,,,,
1543708800,0.04133,0.0434,0.04057,0.04187,143922734.4,1.5438E+12,6014693.612,22226,,,,,,
1543795200,0.04184,0.04214,0.03785,0.03848,145293533.5,1.54388E+12,5762925.685,23224,,,,,,
1543881600,0.03849,0.04019,0.037,0.03752,162431792,1.54397E+12,6244944.506,24786,,,,,,
1543968000,0.03755,0.03768,0.03371,0.03442,246623162.4,1.54405E+12,8843714.501,27505,,,,,,
1544054400,0.03432,0.0359,0.0305,0.03072,208988814.6,1.54414E+12,7014717.544,32100,,,,,,
1544140800,0.0307,0.031,0.02708,0.02975,266226863.4,1.54423E+12,7757754.998,38632,,,,,,
1544227200,0.02971,0.03246,0.02825,0.0302,173784366.9,1.54431E+12,5218134.912,25492,,,,,,
1544313600,0.03023,0.03242,0.02956,0.0311,144802722.5,1.5444E+12,4483485.809,20859,,,,,,
1544400000,0.03106,0.03199,0.02914,0.02977,122187850.1,1.54449E+12,3700523.576,16493,,,,,,
1544486400,0.02978,0.03013,0.0285,0.02931,95211761.2,1.54457E+12,2789231.407,13503,,,,,,
1544572800,0.02931,0.03088,0.02892,0.03029,89019978,1.54466E+12,2687839.436,12534,,,,,,
1544659200,0.0303,0.03067,0.02872,0.02912,94079375.3,1.54475E+12,2804166.04,12933,,,,,,
1544745600,0.02913,0.0296,0.02764,0.02832,81044535.1,1.54483E+12,2314959.627,11660,,,,,,
1544832000,0.02831,0.0286,0.02761,0.02807,59384458.1,1.54492E+12,1672104.934,10397,,,,,,
1544918400,0.02806,0.02986,0.02806,0.029,80746045.3,1.545E+12,2345577.983,12934,,,,,,
1545004800,0.029,0.03371,0.0289,0.03241,202451973.6,1.54509E+12,6393859.656,28177,,,,,,
1545091200,0.03243,0.03463,0.03128,0.0343,203968434,1.54518E+12,6680061.659,30789,,,,,,
1545177600,0.0343,0.03808,0.03365,0.03368,315224591.1,1.54526E+12,11214798.41,45663,,,,,,
1545264000,0.03369,0.03987,0.0333,0.03871,324925652.2,1.54535E+12,11975327.26,46253,,,,,,
1545350400,0.03869,0.04479,0.03787,0.04031,453341004.8,1.54544E+12,18563347.15,72625,,,,,,
1545436800,0.0403,0.04175,0.03811,0.04156,204830435.4,1.54552E+12,8148803.734,34527,,,,,,
1545523200,0.04157,0.04444,0.04082,0.04369,240130079.7,1.54561E+12,10265310.36,37459,,,,,,
1545609600,0.04369,0.04899,0.04367,0.04499,335985802.4,1.5457E+12,15633425.66,49698,,,,,,
1545696000,0.045,0.04522,0.03824,0.04107,268928019.9,1.54578E+12,10861609.81,44829,,,,,,
1545782400,0.04104,0.04268,0.03811,0.0406,186196153.7,1.54587E+12,7540037.405,34192,,,,,,
1545868800,0.04058,0.04139,0.03539,0.03611,166425603.1,1.54596E+12,6333417.006,28211,,,,,,
1545955200,0.03617,0.04195,0.03561,0.04111,174637271.5,1.54604E+12,6785711.929,27959,,,,,,
1546041600,0.04106,0.04355,0.03987,0.04049,229292813.1,1.54613E+12,9519174.092,34689,,,,,,
1546128000,0.04052,0.04319,0.03946,0.04263,200245060.5,1.54621E+12,8349087.722,32806,,,,,,
1546214400,0.04262,0.04275,0.03975,0.04054,148310413.9,1.5463E+12,6101401.908,25723,,,,,,
1546300800,0.04057,0.042,0.03964,0.04198,109890339.6,1.54639E+12,4478712.307,18359,,,,,,
1546387200,0.04195,0.04543,0.04117,0.04433,161683682.2,1.54647E+12,6964798.028,26840,,,,,,
1546473600,0.04432,0.04462,0.04154,0.04205,153417510.5,1.54656E+12,6573566.388,25088,,,,,,
1546560000,0.04207,0.04361,0.04164,0.04301,101638583.7,1.54665E+12,4330311.302,18607,,,,,,
1546646400,0.04301,0.04514,0.04241,0.04403,166586601.8,1.54673E+12,7288135.686,27627,,,,,,
1546732800,0.044,0.0488,0.04378,0.04822,282745808.9,1.54682E+12,13182349.33,46050,,,,,,
1546819200,0.04822,0.05,0.04651,0.04755,266672497.4,1.54691E+12,12916895.51,46094,,,,,,
1546905600,0.04757,0.0497,0.04612,0.0478,203734040.4,1.54699E+12,9749279.984,38907,,,,,,
1546992000,0.04781,0.05231,0.04771,0.05144,264448222.3,1.54708E+12,13323012.39,43017,,,,,,
1547078400,0.05144,0.05412,0.04131,0.04366,467704306.4,1.54716E+12,21777697.77,73379,,,,,,
1547164800,0.04365,0.04435,0.04163,0.0433,239944262.2,1.54725E+12,10363742.18,45851,,,,,,
1547251200,0.04327,0.04393,0.04187,0.04288,110531249.1,1.54734E+12,4728969.068,23693,,,,,,
1547337600,0.04288,0.04312,0.0388,0.03944,150190137.8,1.54742E+12,6104853.613,25762,,,,,,
1547424000,0.03944,0.04399,0.03939,0.04343,189791994,1.54751E+12,7914002.567,30697,,,,,,
1547510400,0.04341,0.04387,0.04101,0.04201,153740822.5,1.5476E+12,6532255.445,27649,,,,,,
1547596800,0.04199,0.04466,0.04167,0.04419,185866361.7,1.54768E+12,8103446.913,33796,,,,,,
1547683200,0.0442,0.04575,0.043,0.04471,230363685.4,1.54777E+12,10201705.57,39104,,,,,,
1547769600,0.0447,0.04478,0.04312,0.04372,92737420.6,1.54786E+12,4075909.926,18375,,,,,,
1547856000,0.04373,0.04597,0.0433,0.04515,98545473.7,1.54794E+12,4444933.616,18421,,,,,,
1547942400,0.04515,0.04556,0.04118,0.04287,145798272.2,1.54803E+12,6313327.482,23701,,,,,,
1548028800,0.0429,0.04339,0.04183,0.04251,85588323.8,1.54812E+12,3647266.717,15571,,,,,,
1548115200,0.04249,0.04401,0.04101,0.04334,121953842.2,1.5482E+12,5207441.096,19911,,,,,,
1548201600,0.04332,0.04392,0.04199,0.04266,85116994.4,1.54829E+12,3671751.431,15120,,,,,,
1548288000,0.04266,0.04342,0.04217,0.04284,57451796.2,1.54837E+12,2454853.032,11166,,,,,,
1548374400,0.04282,0.04301,0.04209,0.0424,42081909.7,1.54846E+12,1787167.132,8631,,,,,,
1548460800,0.04241,0.04338,0.04224,0.04241,56966475.2,1.54855E+12,2433014.43,9675,,,,,,
1548547200,0.04238,0.04247,0.04014,0.04087,93192565.1,1.54863E+12,3853898.554,17451,,,,,,
1548633600,0.04088,0.04121,0.0366,0.03855,183511163.1,1.54872E+12,7050965.139,28951,,,,,,
1548720000,0.03855,0.03971,0.03661,0.03796,128453948.2,1.54881E+12,4883413.232,21879,,,,,,
1548806400,0.03796,0.04015,0.03741,0.03953,113578945.8,1.54889E+12,4400142.641,19915,,,,,,
1548892800,0.03951,0.04023,0.03777,0.03824,98609368,1.54898E+12,3820079.074,15844,,,,,,
1548979200,0.03825,0.03912,0.03701,0.03857,78655352.3,1.54907E+12,3000967.004,14976,,,,,,
1549065600,0.03853,0.0395,0.03801,0.03929,52764064.9,1.54915E+12,2037443.572,9380,,,,,,
1549152000,0.03929,0.03946,0.03761,0.03824,61929674.9,1.54924E+12,2378166.274,9937,,,,,,
1549238400,0.03824,0.03883,0.0378,0.03799,48309935,1.54932E+12,1843376.307,9032,,,,,,
1549324800,0.03798,0.03868,0.03756,0.03805,54889870,1.54941E+12,2084780.628,10380,,,,,,
1549411200,0.03807,0.03829,0.03588,0.03667,102386199.3,1.5495E+12,3755526.667,16831,,,,,,
1549497600,0.03667,0.03734,0.03632,0.03646,53253180.2,1.54958E+12,1957982.757,10752,,,,,,
1549584000,0.03645,0.0425,0.03616,0.04072,173766095.9,1.54967E+12,6856186.502,27919,,,,,,
1549670400,0.04072,0.04223,0.0405,0.04117,118193684.7,1.54976E+12,4885712.707,20916,,,,,,
1549756800,0.04117,0.04309,0.03962,0.0429,114498756.7,1.54984E+12,4713961.005,20616,,,,,,
1549843200,0.04292,0.04299,0.04137,0.04169,86417133.1,1.54993E+12,3614883.048,15998,,,,,,
1549929600,0.04171,0.04208,0.04053,0.04173,84242831,1.55002E+12,3474407.408,15755,,,,,,
1550016000,0.04172,0.04244,0.04087,0.04107,57116619.2,1.5501E+12,2375313.834,10520,,,,,,
1550102400,0.04105,0.04144,0.0399,0.04037,54153288.8,1.55019E+12,2197715.272,10102,,,,,,
1550188800,0.04035,0.0416,0.04,0.04059,51453047.8,1.55028E+12,2094882.067,8183,,,,,,
1550275200,0.04059,0.04148,0.04054,0.04101,39546332.3,1.55036E+12,1621235.142,5846,,,,,,
1550361600,0.04103,0.04228,0.04055,0.04157,65525969.1,1.55045E+12,2698284.995,8755,,,,,,
1550448000,0.0416,0.04686,0.04138,0.04564,238145162.3,1.55053E+12,10532349.76,29471,,,,,,
1550534400,0.0456,0.0485,0.04542,0.04593,262933306.5,1.55062E+12,12334394.11,32685,,,,,,
1550620800,0.04592,0.0477,0.04473,0.04748,164477468.8,1.55071E+12,7626735.208,21880,,,,,,
1550707200,0.04744,0.04809,0.04401,0.04506,144701031.7,1.55079E+12,6608032.79,19051,,,,,,
1550793600,0.04508,0.0461,0.04458,0.0458,103272788.5,1.55088E+12,4693010.978,13322,,,,,,
1550880000,0.0458,0.04903,0.04541,0.04846,162694021.5,1.55097E+12,7675614.637,20737,,,,,,
1550966400,0.0485,0.05053,0.04097,0.04156,328163939.4,1.55105E+12,14968036.55,39217,,,,,,
1551052800,0.04162,0.04433,0.04159,0.04351,156622956.8,1.55114E+12,6747609.867,22403,,,,,,
1551139200,0.0435,0.04358,0.0422,0.04296,102899011.5,1.55123E+12,4405330.347,12719,,,,,,
1551225600,0.0429,0.04343,0.04145,0.04296,98307643.2,1.55131E+12,4191339.399,11662,,,,,,
1551312000,0.04299,0.04368,0.04246,0.04287,78568795.3,1.5514E+12,3386040.265,10657,,,,,,
1551398400,0.04288,0.04386,0.04277,0.043,51365058,1.55148E+12,2219271.247,7416,,,,,,
1551484800,0.043,0.04338,0.04199,0.04242,55395171.6,1.55157E+12,2356557.196,7026,,,,,,
1551571200,0.04245,0.04276,0.0417,0.04206,42011958.8,1.55166E+12,1775845.39,6492,,,,,,
1551657600,0.04211,0.04236,0.03908,0.04022,95476391.6,1.55174E+12,3854510.779,11934,,,,,,
1551744000,0.04022,0.0434,0.04001,0.04292,120716975.2,1.55183E+12,5051920.533,14602,,,,,,
1551830400,0.0429,0.04327,0.0418,0.04251,75795670.7,1.55192E+12,3219150.577,9968,,,,,,
1551916800,0.0425,0.04338,0.04208,0.04275,89651411.5,1.552E+12,3840271.127,12167,,,,,,
1552003200,0.04277,0.04386,0.04207,0.04243,98809786.8,1.55209E+12,4231583.828,13348,,,,,,
1552089600,0.04246,0.0472,0.04237,0.04681,236991707.7,1.55218E+12,10755731.45,28082,,,,,,
1552176000,0.04689,0.04689,0.0443,0.04557,149413895.6,1.55226E+12,6766392.683,17715,,,,,,
1552262400,0.04559,0.04842,0.04465,0.04732,239243384,1.55235E+12,11158516.32,27159,,,,,,
1552348800,0.04732,0.04816,0.04566,0.04718,157608907.4,1.55244E+12,7429039.495,19244,,,,,,
1552435200,0.04718,0.04851,0.04575,0.04626,127808096,1.55252E+12,6003251.357,16765,,,,,,
1552521600,0.04626,0.04812,0.0459,0.04765,125114181,1.55261E+12,5865490.366,15322,,,,,,
1552608000,0.04766,0.05065,0.04759,0.04988,206134843.2,1.55269E+12,10182223.42,24971,,,,,,
1552694400,0.04983,0.05195,0.04866,0.05124,205825022.6,1.55278E+12,10408140.59,26727,,,,,,
1552780800,0.05125,0.05134,0.04945,0.04983,118241956.4,1.55287E+12,5935976.742,16769,,,,,,
1552867200,0.04985,0.0509,0.04899,0.04997,102861058.5,1.55295E+12,5132266.019,14040,,,,,,
1552953600,0.05,0.05313,0.04916,0.05205,155912304.6,1.55304E+12,7975860.591,22023,,,,,,
1553040000,0.05207,0.05372,0.05068,0.05355,185610770.4,1.55313E+12,9743217.305,28388,,,,,,
1553126400,0.05356,0.0547,0.04955,0.05235,286797501.8,1.55321E+12,15045753.62,41525,,,,,,
1553212800,0.05231,0.05888,0.05184,0.05779,421719603.6,1.5533E+12,23806748.3,66113,,,,,,
1553299200,0.05778,0.06464,0.05662,0.06349,534272459,1.55339E+12,32558812.78,86175,,,,,,
1553385600,0.06348,0.06455,0.05894,0.06151,415661855.5,1.55347E+12,25501837.91,71173,,,,,,
1553472000,0.06149,0.06155,0.0562,0.05857,313417482.6,1.55356E+12,18505173.79,49172,,,,,,
1553558400,0.05857,0.06188,0.05853,0.0617,268879564.8,1.55364E+12,16198995.71,48548,,,,,,
1553644800,0.06175,0.06783,0.06055,0.06697,373335033.1,1.55373E+12,24369776.24,61900,,,,,,
1553731200,0.06692,0.06692,0.06383,0.06551,195106261.8,1.55382E+12,12780052.97,35862,,,,,,
1553817600,0.06551,0.07338,0.06537,0.07112,330715526.4,1.5539E+12,22985547.01,57800,,,,,,
1553904000,0.07121,0.07302,0.06854,0.0721,222245671.2,1.55399E+12,15692211.18,44031,,,,,,
1553990400,0.07212,0.07249,0.06959,0.06989,124068622,1.55408E+12,8788334.94,26556,,,,,,
1554076800,0.06984,0.0727,0.06888,0.0721,162776247.7,1.55416E+12,11499192.68,32522,,,,,,
1554163200,0.0721,0.08549,0.0706,0.08544,492665567.3,1.55425E+12,38394370.76,97955,,,,,,
1554249600,0.08544,0.09976,0.082,0.09062,789334870.7,1.55434E+12,72236432.59,157932,,,,,,
1554336000,0.0906,0.094,0.082,0.08716,490305261,1.55442E+12,43209913.5,107129,,,,,,
1554422400,0.08717,0.09209,0.08678,0.09044,222441691,1.55451E+12,19982881.79,58242,,,,,,
1554508800,0.09047,0.09375,0.08703,0.08988,179687678.3,1.5546E+12,16212131.62,45717,,,,,,
1554595200,0.08981,0.09112,0.08799,0.0898,145147354.8,1.55468E+12,13007350.9,36689,,,,,,
1554681600,0.08983,0.09175,0.08135,0.08604,262397959.7,1.55477E+12,22724007.28,61996,,,,,,
1554768000,0.08605,0.0862,0.07971,0.08288,215892607.3,1.55485E+12,18007532.34,49991,,,,,,
1554854400,0.08287,0.0916,0.08265,0.08947,227923407.6,1.55494E+12,20092330.96,50525,,,,,,
1554940800,0.08948,0.09023,0.07575,0.08297,321208869.5,1.55503E+12,26564516.53,67911,,,,,,
1555027200,0.08294,0.0849,0.07877,0.0825,173511574.4,1.55511E+12,14267905.04,40429,,,,,,
1555113600,0.0825,0.08477,0.082,0.08284,87925050.9,1.5552E+12,7315448.157,22586,,,,,,
1555200000,0.08284,0.08488,0.08051,0.08416,106490364.8,1.55529E+12,8790344.139,22653,,,,,,
1555286400,0.08415,0.08531,0.08024,0.0816,101997443.9,1.55537E+12,8440750.297,25491,,,,,,
1555372800,0.08159,0.08314,0.07942,0.08271,79057830,1.55546E+12,6460153.802,19862,,,,,,
1555459200,0.08271,0.08394,0.08107,0.08244,77911427.8,1.55555E+12,6416540.545,20411,,,,,,
1555545600,0.08242,0.08349,0.08054,0.08118,109190731.2,1.55563E+12,8979173.049,23733,,,,,,
1555632000,0.0812,0.0812,0.075,0.07884,160004085,1.55572E+12,12576274.84,36740,,,,,,
1555718400,0.07888,0.07903,0.07431,0.07597,131793248.1,1.5558E+12,10127867.87,27781,,,,,,
1555804800,0.07594,0.07746,0.07066,0.0733,169952557.8,1.55589E+12,12442357.79,34786,,,,,,
1555891200,0.07331,0.07885,0.07131,0.078,178300956,1.55598E+12,13408517.96,38181,,,,,,
1555977600,0.07794,0.07979,0.07311,0.07351,210632087.9,1.55606E+12,16246588.4,44321,,,,,,
1556064000,0.07351,0.0752,0.06765,0.07205,218875413.3,1.55615E+12,15641558.8,45111,,,,,,
1556150400,0.07209,0.076,0.068,0.06956,195778106,1.55624E+12,14085496.58,42835,,,,,,
1556236800,0.06956,0.0725,0.06672,0.06989,163211988.1,1.55632E+12,11278889.98,36993,,,,,,
1556323200,0.06985,0.07237,0.06877,0.0705,76075219.3,1.55641E+12,5366990.125,16441,,,,,,
1556409600,0.0705,0.07123,0.068,0.06878,54883175.3,1.5565E+12,3823864.376,10270,,,,,,
1556496000,0.06874,0.0693,0.06401,0.0651,90658020.7,1.55658E+12,6009394.369,15789,,,,,,
1556582400,0.06513,0.07019,0.0647,0.0701,78371596.5,1.55667E+12,5280477.061,13068,,,,,,
1556668800,0.07016,0.0706,0.06722,0.0688,68846639.2,1.55676E+12,4734643.51,12575,,,,,,
1556755200,0.06889,0.06977,0.06801,0.06856,56421964.2,1.55684E+12,3882768.701,9335,,,,,,
1556841600,0.06845,0.0718,0.06738,0.06995,155443294,1.55693E+12,10892117.52,24980,,,,,,
1556928000,0.06992,0.07225,0.06554,0.06687,120812727.3,1.55701E+12,8284663.484,20765,,,,,,
1557014400,0.06687,0.06816,0.0657,0.06603,53905157.5,1.5571E+12,3593855.737,10384,,,,,,
1557100800,0.06603,0.0688,0.06331,0.06696,97618341.3,1.55719E+12,6431227.666,17542,,,,,,
1557187200,0.06698,0.06882,0.0637,0.06412,92764538.2,1.55727E+12,6176099.539,16650,,,,,,
1557273600,0.06415,0.06545,0.062,0.0647,68616747.5,1.55736E+12,4396669.599,11758,,,,,,
1557360000,0.0647,0.06537,0.06036,0.06169,92540760.6,1.55745E+12,5775209.855,16219,,,,,,
1557446400,0.06169,0.06529,0.0591,0.06314,157842324.8,1.55753E+12,9882638.191,27479,,,,,,
1557532800,0.0632,0.07854,0.06293,0.0739,341719946.2,1.55762E+12,24538296.53,59716,,,,,,
1557619200,0.07389,0.07707,0.06755,0.07022,284300434,1.55771E+12,20539673.82,54154,,,,,,
1557705600,0.07021,0.07646,0.06947,0.0727,215072288.5,1.55779E+12,15823770.73,37753,,,,,,
1557792000,0.0727,0.08479,0.07231,0.08448,358405124.9,1.55788E+12,28240370.9,58103,,,,,,
1557878400,0.08443,0.09535,0.083,0.0939,231427712.5,1.55796E+12,20535477.51,47986,,,,,,
1557964800,0.0939,0.1008,0.08343,0.08802,462807356.1,1.55805E+12,42417304.88,103345,,,,,,
1558051200,0.08803,0.0908,0.0755,0.08275,358077557.1,1.55814E+12,28751546.04,79586,,,,,,
1558137600,0.08273,0.08507,0.07835,0.07872,161570720.4,1.55822E+12,13118216.52,40980,,,,,,
1558224000,0.07873,0.088,0.07841,0.08613,249443172.4,1.55831E+12,21101089.9,64301,,,,,,
1558310400,0.08607,0.0869,0.07924,0.08439,216348927.3,1.5584E+12,18050083.14,61204,,,,,,
1558396800,0.08448,0.086,0.08182,0.08403,130576929.8,1.55848E+12,10971085.62,39937,,,,,,
1558483200,0.08401,0.08541,0.07692,0.07749,133119758.9,1.55857E+12,10830609.78,40624,,,,,,
1558569600,0.07744,0.08435,0.07381,0.08034,146147282.8,1.55866E+12,11313250.18,38692,,,,,,
1558656000,0.08033,0.08315,0.07784,0.08062,134042366.2,1.55874E+12,10874704.7,39607,,,,,,
1558742400,0.08058,0.0822,0.079,0.08006,84291267.3,1.55883E+12,6797303.037,21781,,,,,,
1558828800,0.08008,0.08682,0.07801,0.08514,124066313.2,1.55892E+12,10220967.64,31097,,,,,,
1558915200,0.08516,0.09384,0.08442,0.09034,219214048.9,1.559E+12,19322033.36,60243,,,,,,
1559001600,0.09035,0.09351,0.08701,0.09289,189364786.4,1.55909E+12,17073253.27,50881,,,,,,
1559088000,0.09287,0.09362,0.08539,0.09082,186809502.7,1.55917E+12,16875771.33,45228,,,,,,
1559174400,0.09082,0.0968,0.08002,0.08392,340702109.2,1.55926E+12,30763675.05,82884,,,,,,
1559260800,0.08403,0.08983,0.08132,0.08914,163350850.6,1.55935E+12,13952824.96,43986,,,,,,
1559347200,0.08906,0.0927,0.08544,0.09047,159294422.8,1.55943E+12,14227354.77,42420,,,,,,
1559433600,0.09033,0.09755,0.09013,0.0963,291630467.7,1.55952E+12,27490158.99,61543,,,,,,
1559520000,0.09636,0.09833,0.087,0.08745,306468414.9,1.55961E+12,28486908.18,57143,,,,,,
1559606400,0.08745,0.08832,0.07924,0.08247,265350464.3,1.55969E+12,22298659.81,48445,,,,,,
1559692800,0.08244,0.08431,0.07924,0.08252,104510674.1,1.55978E+12,8602923.189,23523,,,,,,
1559779200,0.0826,0.08385,0.078,0.08308,135731434.7,1.55987E+12,10987279.19,26307,,,,,,
1559865600,0.08308,0.08702,0.08164,0.085,106111350.3,1.55995E+12,8986812.271,22555,,,,,,
1559952000,0.085,0.08622,0.0815,0.08356,63741558.9,1.56004E+12,5334494.345,13628,,,,,,
1560038400,0.08356,0.08385,0.07695,0.07887,83904773.3,1.56012E+12,6717674.694,19744,,,,,,
1560124800,0.07892,0.08529,0.07773,0.08508,113293915.1,1.56021E+12,9319554.189,26589,,,,,,
1560211200,0.08502,0.08913,0.08167,0.08742,166377712.6,1.5603E+12,14285994.65,36413,,,,,,
1560297600,0.08743,0.09628,0.08576,0.09603,305886602.1,1.56038E+12,28131181.46,65127,,,,,,
1560384000,0.09603,0.0966,0.08796,0.08966,237448920.5,1.56047E+12,21851980.27,46273,,,,,,
1560470400,0.08956,0.09095,0.085,0.09008,188544474.4,1.56056E+12,16558151.3,36374,,,,,,
1560556800,0.09,0.0926,0.0897,0.09127,114850102.6,1.56064E+12,10459812.63,23667,,,,,,
1560643200,0.09118,0.09402,0.08966,0.09189,175792960,1.56073E+12,16137992.89,35151,,,,,,
1560729600,0.09189,0.09365,0.09108,0.09334,85012338.9,1.56082E+12,7855781.798,21728,,,,,,
1560816000,0.09341,0.09365,0.0881,0.08907,100161281.2,1.5609E+12,9034879.282,21303,,,,,,
1560902400,0.08916,0.09158,0.08843,0.08957,61372709,1.56099E+12,5512804.305,15008,,,,,,
1560988800,0.08956,0.0903,0.08507,0.08731,119567386.4,1.56108E+12,10458767.28,26284,,,,,,
1561075200,0.08731,0.0908,0.08719,0.08899,142175951.7,1.56116E+12,12713222.45,30844,,,,,,
1561161600,0.0891,0.0977,0.08811,0.09482,305334916.9,1.56125E+12,28462098.77,66474,,,,,,
1561248000,0.09481,0.10379,0.09441,0.097,379257248.6,1.56133E+12,37293300.98,69956,,,,,,
1561334400,0.09689,0.09959,0.09412,0.09789,173987144.3,1.56142E+12,16810140.13,36386,,,,,,
1561420800,0.09787,0.09831,0.09352,0.09654,138542267.8,1.56151E+12,13283141.61,31937,,,,,,
1561507200,0.09655,0.10687,0.0951,0.09814,475065799.9,1.56159E+12,47666035.13,100408,,,,,,
1561593600,0.09782,0.09954,0.08348,0.0864,312714744.9,1.56168E+12,28296111.53,73377,,,,,,
1561680000,0.08644,0.089,0.08496,0.08873,188562917.8,1.56177E+12,16407695.99,43080,,,,,,
1561766400,0.08873,0.09095,0.08426,0.08975,143553238.2,1.56185E+12,12593349.19,32008,,,,,,
1561852800,0.08987,0.09077,0.0813,0.08226,157649399.8,1.56194E+12,13538222.1,30401,,,,,,
1561939200,0.08227,0.08599,0.08019,0.0836,130567054.8,1.56203E+12,10815059.36,30858,,,,,,
1562025600,0.08354,0.08432,0.07662,0.08054,181051185.5,1.56211E+12,14410619.99,37185,,,,,,
1562112000,0.08065,0.08315,0.07902,0.08231,126961632.8,1.5622E+12,10312476.3,25523,,,,,,
1562198400,0.08225,0.08249,0.07701,0.07737,100222918.5,1.56228E+12,7974625.403,20401,,,,,,
1562284800,0.07749,0.07814,0.07568,0.07631,62936464.8,1.56237E+12,4843441.535,15295,,,,,,
1562371200,0.07625,0.08076,0.07617,0.07745,80875797.3,1.56246E+12,6308950.51,17670,,,,,,
1562457600,0.07739,0.08004,0.07657,0.0797,52015864.1,1.56254E+12,4068774.016,12826,,,,,,
1562544000,0.07976,0.08193,0.0788,0.0801,84701755.9,1.56263E+12,6801931.23,18172,,,,,,
1562630400,0.0801,0.08073,0.077,0.07783,77997383.5,1.56272E+12,6131044.466,17613,,,,,,
1562716800,0.07786,0.07835,0.06947,0.07178,129284146.4,1.5628E+12,9505146.658,27315,,,,,,
1562803200,0.0717,0.0717,0.06232,0.06515,143858522.8,1.56289E+12,9435761.81,30032,,,,,,
1562889600,0.06508,0.07057,0.06328,0.06937,102400610.9,1.56298E+12,6918764.321,21929,,,,,,
1562976000,0.06946,0.07149,0.06438,0.06672,82744562.2,1.56306E+12,5595188.311,17818,,,,,,
1563062400,0.06672,0.0671,0.05877,0.05923,113952685.4,1.56315E+12,7092570.253,24446,,,,,,
1563148800,0.05907,0.06015,0.05463,0.05902,154031537.4,1.56324E+12,8922131.622,30650,,,,,,
1563235200,0.05901,0.06095,0.05006,0.05181,154418292,1.56332E+12,8474070.509,28289,,,,,,
1563321600,0.0518,0.05777,0.04985,0.05505,143916988.9,1.56341E+12,7760317.051,25314,,,,,,
1563408000,0.05511,0.05965,0.05315,0.05843,127563581.5,1.56349E+12,7258581.115,25374,,,,,,
1563494400,0.0584,0.06068,0.05591,0.0596,84917358.7,1.56358E+12,4909019.799,17586,,,,,,
1563580800,0.05964,0.06509,0.05922,0.06262,117752709.7,1.56367E+12,7346240.731,23619,,,,,,
1563667200,0.06262,0.064,0.0593,0.06107,68228587.5,1.56375E+12,4183117.852,14580,,,,,,
1563753600,0.06117,0.06216,0.05808,0.05949,66144743.4,1.56384E+12,3967768.58,14245,,,,,,
1563840000,0.05946,0.0596,0.05516,0.05568,80784585.8,1.56393E+12,4601208.654,14406,,,,,,
1563926400,0.05563,0.05904,0.05385,0.05876,97796862.8,1.56401E+12,5531188.548,16248,,,,,,
1564012800,0.05875,0.06069,0.05731,0.05852,78359388.9,1.5641E+12,4647316.66,13983,,,,,,
1564099200,0.05853,0.06297,0.05681,0.06261,105911989.2,1.56419E+12,6395938.752,19015,,,,,,
1564185600,0.06259,0.06354,0.057,0.05988,91740858.9,1.56427E+12,5504908.367,18196,,,,,,
1564272000,0.05984,0.06018,0.05675,0.05936,55780383.9,1.56436E+12,3281712.437,10988,,,,,,
1564358400,0.05939,0.06258,0.05805,0.06035,71237105.1,1.56444E+12,4297632.889,15197,,,,,,
1564444800,0.06038,0.06141,0.05878,0.05975,50580079.5,1.56453E+12,3039078.414,10218,,,,,,
1564531200,0.05975,0.06108,0.05915,0.06011,85023597,1.56462E+12,5106362.68,14514,,,,,,
1564617600,0.06006,0.06035,0.05767,0.05861,67797310.5,1.5647E+12,3969778.697,12486,,,,,,
1564704000,0.0586,0.05882,0.05576,0.05731,74752190.5,1.56479E+12,4301752.221,13990,,,,,,
1564790400,0.05737,0.0583,0.05683,0.05774,34213661.1,1.56488E+12,1970597.147,7648,,,,,,
1564876800,0.05774,0.0583,0.05593,0.05605,69058546.3,1.56496E+12,3916608.038,12318,,,,,,
1564963200,0.0561,0.0582,0.05603,0.05642,95585569.9,1.56505E+12,5444486.76,16942,,,,,,
1565049600,0.05652,0.05657,0.05305,0.0535,93915189.8,1.56514E+12,5170100.862,17154,,,,,,
1565136000,0.05343,0.0543,0.05135,0.05197,91400786.3,1.56522E+12,4814313.887,16225,,,,,,
1565222400,0.05194,0.05326,0.0504,0.05213,95176892.2,1.56531E+12,4923643.938,15572,,,,,,
1565308800,0.05211,0.05231,0.04735,0.04769,97693304,1.5654E+12,4825487.487,15102,,,,,,
1565395200,0.04772,0.05347,0.04766,0.05195,159929386.9,1.56548E+12,8124476.828,23125,,,,,,
1565481600,0.05194,0.056,0.05161,0.05472,126245811.6,1.56557E+12,6784461.49,20054,,,,,,
1565568000,0.05479,0.05491,0.05258,0.05304,62731467.1,1.56565E+12,3356500.999,10275,,,,,,
1565654400,0.05307,0.05328,0.04931,0.05268,95581904.4,1.56574E+12,4922054.82,15474,,,,,,
1565740800,0.05263,0.05382,0.04656,0.04716,125164218.2,1.56583E+12,6278909.356,20850,,,,,,
1565827200,0.0472,0.04821,0.04598,0.04733,56270382.1,1.56591E+12,2655621.57,9250,,,,,,
1565913600,0.04737,0.04759,0.04454,0.04668,81990220.7,1.566E+12,3765358.072,14003,,,,,,
1566000000,0.04668,0.04808,0.04617,0.04739,61451603.2,1.56609E+12,2897046.099,10336,,,,,,
1566086400,0.04739,0.05127,0.04696,0.05061,77344197.4,1.56617E+12,3821827.505,11893,,,,,,
1566172800,0.05065,0.05084,0.04944,0.05002,48116882.4,1.56626E+12,2413941.25,9404,,,,,,
1566259200,0.05006,0.0503,0.04851,0.04917,58806726.5,1.56635E+12,2905572.263,9889,,,,,,
1566345600,0.04919,0.04919,0.04595,0.04736,61231599.2,1.56643E+12,2897638.573,9408,,,,,,
1566432000,0.04738,0.0512,0.0467,0.04918,110176304.5,1.56652E+12,5426880.295,20116,,,,,,
1566518400,0.0492,0.0503,0.0486,0.04964,82828680.2,1.5666E+12,4102948.891,15047,,,,,,
1566604800,0.04966,0.0515,0.04809,0.05016,94896456.2,1.56669E+12,4711605.285,17516,,,,,,
1566691200,0.05017,0.05265,0.0484,0.04949,135714785.8,1.56678E+12,6909324.99,23839,,,,,,
1566777600,0.04949,0.05082,0.04872,0.04964,91817760.7,1.56686E+12,4571067.815,15461,,,,,,
1566864000,0.04964,0.04999,0.04811,0.04988,41102635.8,1.56695E+12,2015424.105,8377,,,,,,
1566950400,0.04988,0.05041,0.04508,0.04587,97100872,1.56704E+12,4627816.743,16975,,,,,,
1567036800,0.04587,0.04587,0.04312,0.0445,89451625.7,1.56712E+12,3964016.39,16500,,,,,,
1567123200,0.0445,0.04578,0.04397,0.04474,46699729.7,1.56721E+12,2096838.725,9645,,,,,,
1567209600,0.04472,0.04546,0.04367,0.04473,38370426.4,1.5673E+12,1715267.402,7169,,,,,,
1567296000,0.04472,0.04519,0.0435,0.04425,33442001.8,1.56738E+12,1483697.61,6113,,,,,,
1567382400,0.04422,0.04626,0.04323,0.04531,74053948.5,1.56747E+12,3303673.442,13803,,,,,,
1567468800,0.04527,0.04744,0.04446,0.04667,120798363.4,1.56756E+12,5519286.651,19640,,,,,,
1567555200,0.04667,0.04668,0.04501,0.04543,58244960.7,1.56764E+12,2655263.844,12450,,,,,,
1567641600,0.04543,0.04543,0.04371,0.0444,57847202.8,1.56773E+12,2571227.134,11395,,,,,,
1567728000,0.04439,0.0447,0.0434,0.04423,98700688.4,1.56781E+12,4347753.429,15947,,,,,,
1567814400,0.04422,0.04659,0.04364,0.04597,83548291.8,1.5679E+12,3777701.477,12911,,,,,,
1567900800,0.04599,0.0475,0.0459,0.04657,85615820.1,1.56799E+12,4004305.445,15179,,,,,,
1567987200,0.04657,0.04727,0.04531,0.0468,86490759.5,1.56807E+12,4005016.775,14590,,,,,,
1568073600,0.04676,0.04814,0.04562,0.04646,102691657.8,1.56816E+12,4838040.544,16313,,,,,,
1568160000,0.04641,0.04713,0.04438,0.04487,85563306.7,1.56825E+12,3879236.74,15251,,,,,,
1568246400,0.04493,0.04629,0.04423,0.04541,72897245.1,1.56833E+12,3285193,12581,,,,,,
1568332800,0.04541,0.04594,0.04485,0.0457,37491930.4,1.56842E+12,1696491.487,8422,,,,,,
1568419200,0.0457,0.0471,0.04468,0.04642,82720178.8,1.56851E+12,3796960.29,13859,,,,,,
1568505600,0.04643,0.04711,0.0461,0.04664,43795942.5,1.56859E+12,2036857.805,8275,,,,,,
1568592000,0.04665,0.04749,0.04562,0.04702,71756317.4,1.56868E+12,3355866.258,11852,,,,,,
1568678400,0.04704,0.05072,0.04691,0.04887,182955220.7,1.56876E+12,8915970.08,27469,,,,,,
1568764800,0.04887,0.05557,0.04881,0.05308,377025172.1,1.56885E+12,19820259.47,45129,,,,,,
1568851200,0.05307,0.05456,0.04941,0.05231,309027616.9,1.56894E+12,15901390.64,42288,,,,,,
1568937600,0.05233,0.05258,0.05006,0.05253,187591207.4,1.56902E+12,9602571.605,25595,,,,,,
1569024000,0.05251,0.05336,0.05107,0.05179,144902202.7,1.56911E+12,7570194.931,26924,,,,,,
1569110400,0.05177,0.0519,0.04765,0.04892,249415685.8,1.5692E+12,12243837.45,36807,,,,,,
1569196800,0.04892,0.04945,0.04602,0.04633,208854117.5,1.56928E+12,10060905.28,31528,,,,,,
1569283200,0.04635,0.04659,0.03525,0.03724,437517909.3,1.56937E+12,18406912.8,56434,,,,,,
1569369600,0.03724,0.04031,0.03585,0.03912,264300762.3,1.56946E+12,10026845.65,30001,,,,,,
1569456000,0.03917,0.04014,0.03498,0.03818,257302894.2,1.56954E+12,9718511.794,30575,,,,,,
1569542400,0.03818,0.0398,0.03686,0.03911,149906621,1.56963E+12,5729458.654,19909,,,,,,
1569628800,0.03911,0.03957,0.0379,0.0386,134360706.3,1.56972E+12,5216071.433,17617,,,,,,
1569715200,0.03862,0.0388,0.03594,0.03715,127505153.8,1.5698E+12,4751263.076,17317,,,,,,
1569801600,0.03716,0.03946,0.0357,0.03888,184102977.1,1.56989E+12,6999924.523,24978,,,,,,
1569888000,0.03888,0.03995,0.03809,0.03824,109847393.9,1.56997E+12,4272363.702,15825,,,,,,
1569974400,0.03824,0.03945,0.03756,0.03923,93483018.9,1.57006E+12,3616182.926,12787,,,,,,
1570060800,0.03923,0.03959,0.03746,0.03818,137043893.6,1.57015E+12,5256177.437,15411,,,,,,
1570147200,0.03816,0.04023,0.03733,0.0393,170576030.2,1.57023E+12,6666823.028,18885,,,,,,
1570233600,0.0393,0.03977,0.03863,0.03967,121480670.5,1.57032E+12,4774611.223,13776,,,,,,
1570320000,0.03967,0.03999,0.03801,0.03881,109962852.2,1.57041E+12,4307246,14764,,,,,,
1570406400,0.03879,0.04186,0.03808,0.04136,255365309.8,1.57049E+12,10303897.14,29416,,,,,,
1570492800,0.04136,0.04217,0.0403,0.0412,162484379,1.57058E+12,6668178.847,19618,,,,,,
1570579200,0.04121,0.04345,0.04076,0.04238,186972520.8,1.57067E+12,7908104.666,26312,,,,,,
1570665600,0.04237,0.04262,0.0406,0.04161,153063454.4,1.57075E+12,6339544.061,16989,,,,,,
1570752000,0.04164,0.04239,0.03987,0.04006,201630003.1,1.57084E+12,8223176.875,22506,,,,,,
1570838400,0.04006,0.04093,0.04001,0.0404,83464642.7,1.57092E+12,3383923.124,13848,,,,,,
1570924800,0.04041,0.04172,0.0403,0.04127,85411344.2,1.57101E+12,3507786.452,17630,,,,,,
1571011200,0.04127,0.04205,0.04069,0.04173,125628693.8,1.5711E+12,5207934.259,22699,,,,,,
1571097600,0.04173,0.04191,0.03904,0.03957,132935157.1,1.57118E+12,5360931.388,22232,,,,,,
1571184000,0.03955,0.03988,0.03754,0.03839,123366687.6,1.57127E+12,4759184.12,21421,,,,,,
1571270400,0.03843,0.03947,0.03783,0.03932,98875143.1,1.57136E+12,3841560.804,15803,,,,,,
1571356800,0.03934,0.03951,0.03729,0.03795,103580841.4,1.57144E+12,3934443.2,17059,,,,,,
1571443200,0.03796,0.03959,0.03755,0.03897,108229315.3,1.57153E+12,4172790.41,17652,,,,,,
1571529600,0.03898,0.0395,0.03814,0.03946,80563672.4,1.57162E+12,3125623.766,13527,,,,,,
1571616000,0.03946,0.03949,0.03839,0.03904,86919604,1.5717E+12,3381320.853,15466,,,,,,
1571702400,0.03905,0.03998,0.0385,0.03859,99050634.5,1.57179E+12,3909308.774,17672,,,,,,
1571788800,0.03857,0.0388,0.03513,0.03635,160888322.8,1.57188E+12,5912948.976,26372,,,,,,
1571875200,0.03635,0.03796,0.03587,0.0373,129205701,1.57196E+12,4785867.926,22019,,,,,,
1571961600,0.03728,0.04202,0.03721,0.04115,259632456.1,1.57205E+12,10407212.59,48642,,,,,,
1572048000,0.04116,0.04329,0.03915,0.0405,384769986.7,1.57213E+12,15918091.84,73215,,,,,,
1572134400,0.04048,0.04342,0.03945,0.04216,356883958.9,1.57222E+12,14809568.6,64067,,,,,,
1572220800,0.0422,0.04492,0.04174,0.04217,249944662.3,1.57231E+12,10747568.94,48050,,,,,,
1572307200,0.04217,0.044,0.04203,0.04341,147292816.7,1.57239E+12,6321691.579,28155,,,,,,
1572393600,0.04341,0.0445,0.04109,0.04171,175888541.2,1.57248E+12,7491460.174,29988,,,,,,
1572480000,0.04169,0.04229,0.0401,0.04126,147006673.3,1.57257E+12,6060028.973,25943,,,,,,
1572566400,0.04125,0.04259,0.04084,0.04211,110430810.3,1.57265E+12,4610370.159,20341,,,,,,
1572652800,0.04211,0.04259,0.04171,0.04237,75699178.5,1.57274E+12,3191791.767,13921,,,,,,
1572739200,0.04237,0.04257,0.04127,0.04168,62160900.1,1.57283E+12,2596691.696,11928,,,,,,
1572825600,0.04171,0.04346,0.04138,0.0432,104623837.3,1.57291E+12,4444510.917,17187,,,,,,
1572912000,0.04321,0.0448,0.04299,0.04411,180562882.5,1.573E+12,7929108.006,27680,,,,,,
1572998400,0.04411,0.04603,0.04356,0.04475,145972895.2,1.57308E+12,6534976.447,24849,,,,,,
1573084800,0.04478,0.04491,0.04252,0.04342,137269569.3,1.57317E+12,5973029.848,22116,,,,,,
1573171200,0.04342,0.04382,0.0411,0.04216,141076737.1,1.57326E+12,5965289.506,23311,,,,,,
1573257600,0.04215,0.04281,0.04197,0.04241,58476387.7,1.57334E+12,2476176.692,12478,,,,,,
1573344000,0.04239,0.04416,0.04228,0.04384,112901408.8,1.57343E+12,4881559.23,18013,,,,,,
1573430400,0.04385,0.044,0.04232,0.04315,100718070,1.57352E+12,4339530.421,17052,,,,,,
1573516800,0.04316,0.04456,0.04294,0.0437,149899360,1.5736E+12,6557666.536,23456,,,,,,
1573603200,0.04372,0.04394,0.0431,0.04326,76536950.9,1.57369E+12,3321839.645,11180,,,,,,
1573689600,0.04328,0.04342,0.042,0.04279,78278963.8,1.57378E+12,3336966.179,14386,,,,,,
1573776000,0.04278,0.04452,0.04169,0.04388,137154486.2,1.57386E+12,5907910.937,25865,,,,,,
1573862400,0.04387,0.04478,0.04319,0.04386,106158266.5,1.57395E+12,4657793.479,17442,,,,,,
1573948800,0.04386,0.04592,0.0431,0.04501,140267110.5,1.57404E+12,6276159.636,22842,,,,,,
1574035200,0.04501,0.04624,0.04279,0.04315,233839569.5,1.57412E+12,10438217.66,36045,,,,,,
1574121600,0.04314,0.04345,0.04103,0.04212,184193279.8,1.57421E+12,7758551.937,24616,,,,,,
1574208000,0.04213,0.04236,0.04022,0.0409,124310235.2,1.57429E+12,5129591.685,18291,,,,,,
1574294400,0.0409,0.04111,0.03716,0.03837,167159483.4,1.57438E+12,6517024.003,28383,,,,,,
1574380800,0.03838,0.03866,0.03411,0.03699,328051482.2,1.57447E+12,12041936.9,58224,,,,,,
1574467200,0.037,0.03836,0.03647,0.03798,126837221.7,1.57455E+12,4745188.181,26411,,,,,,
1574553600,0.03799,0.03869,0.03489,0.03498,214169176.2,1.57464E+12,7813298.354,38324,,,,,,
1574640000,0.03497,0.03734,0.0315,0.03576,296320438.5,1.57473E+12,10406512.09,47416,,,,,,
1574726400,0.0358,0.03717,0.03539,0.03669,136411368.4,1.57481E+12,4941574.232,16515,,,,,,
1574812800,0.03672,0.03992,0.03512,0.03898,213560074.8,1.5749E+12,8118634.113,24924,,,,,,
1574899200,0.03901,0.0398,0.03825,0.03901,151630807.2,1.57499E+12,5900322.314,16092,,,,,,
1574985600,0.03902,0.042,0.03897,0.04127,320180519,1.57507E+12,13122550.89,35035,,,,,,
1575072000,0.04126,0.04212,0.03975,0.04032,158312441.3,1.57516E+12,6461723.286,17374,,,,,,
1575158400,0.04032,0.04035,0.03812,0.03956,140898160.3,1.57524E+12,5519492.083,16442,,,,,,
1575244800,0.03956,0.03959,0.03736,0.03793,113838194.7,1.57533E+12,4337872.019,14002,,,,,,
1575331200,0.03793,0.0388,0.0373,0.03775,82238797.2,1.57542E+12,3125022.992,10135,,,,,,
1575417600,0.03774,0.03878,0.03618,0.03712,178443721.2,1.5755E+12,6665818.046,20103,,,,,,
1575504000,0.03711,0.03816,0.0367,0.03761,89419339.5,1.57559E+12,3331068.241,11214,,,,,,
1575590400,0.03756,0.0383,0.03712,0.03825,66484772.9,1.57568E+12,2500982.074,8698,,,,,,
1575676800,0.03823,0.03911,0.03796,0.03842,66153898.7,1.57576E+12,2548566.961,8618,,,,,,
1575763200,0.03843,0.03887,0.03791,0.03872,53663032.5,1.57585E+12,2064981.14,6657,,,,,,
1575849600,0.03872,0.03881,0.03692,0.03723,91008200.2,1.57594E+12,3452805.955,10208,,,,,,
1575936000,0.03719,0.03834,0.03604,0.03634,89015251.5,1.57602E+12,3279878.317,10636,,,,,,
1576022400,0.03631,0.03717,0.03609,0.03664,58260501.1,1.57611E+12,2130283.221,7130,,,,,,
1576108800,0.03665,0.03696,0.03589,0.0365,85078095.8,1.5762E+12,3097715.955,10477,,,,,,
1576195200,0.03649,0.0374,0.03637,0.03723,73264744.7,1.57628E+12,2708098.797,8234,,,,,,
1576281600,0.03722,0.03732,0.03569,0.03622,99463829.1,1.57637E+12,3625588.182,10889,,,,,,
1576368000,0.03622,0.03666,0.0358,0.03649,58577102.1,1.57645E+12,2122875.403,7460,,,,,,
1576454400,0.03646,0.03655,0.03306,0.03412,116089365.4,1.57654E+12,4034334.933,14757,,,,,,
1576540800,0.03412,0.03415,0.03115,0.03168,181766643.4,1.57663E+12,5973584.811,19441,,,,,,
1576627200,0.03166,0.03469,0.03032,0.03437,192989041,1.57671E+12,6278704.498,19635,,,,,,
1576713600,0.03436,0.03473,0.03283,0.03303,121536895.2,1.5768E+12,4085835.989,11604,,,,,,
1576800000,0.03303,0.0342,0.03253,0.03391,87145845.5,1.57689E+12,2893537.28,8958,,,,,,
1576886400,0.03389,0.03393,0.03285,0.03303,48952673,1.57697E+12,1623830.412,4886,,,,,,
1576972800,0.03302,0.0345,0.03299,0.03436,67304253.3,1.57706E+12,2271917.37,7448,,,,,,
1577059200,0.03438,0.03462,0.03287,0.03312,101551485.4,1.57715E+12,3440121.613,9844,,,,,,
1577145600,0.03306,0.03461,0.03282,0.03388,116934788.9,1.57723E+12,3955723.313,10444,,,,,,
1577232000,0.03385,0.03406,0.03288,0.03334,46135840.7,1.57732E+12,1546185.226,6065,,,,,,
1577318400,0.03337,0.03495,0.03333,0.03416,78416164.4,1.5774E+12,2669877.829,9264,,,,,,
1577404800,0.03415,0.0344,0.03153,0.0329,167023255.3,1.57749E+12,5499237.34,16921,,,,,,
1577491200,0.03293,0.03419,0.03283,0.03365,73098549.1,1.57758E+12,2456093.134,8417,,,,,,
1577577600,0.03365,0.03467,0.03331,0.03412,55063022.6,1.57766E+12,1870899.668,6808,,,,,,
1577664000,0.03412,0.0344,0.03315,0.03344,52316728.5,1.57775E+12,1766369.759,6743,,,,,,
1577750400,0.03343,0.03382,0.03279,0.03285,45408660.4,1.57784E+12,1509813.572,6894,,,,,,
1577836800,0.03285,0.0338,0.0327,0.03348,29827408.5,1.57792E+12,995544.3702,6116,,,,,,
1577923200,0.03345,0.03348,0.03218,0.03269,42826456.1,1.57801E+12,1406391.012,7453,,,,,,
1578009600,0.03269,0.03446,0.03236,0.03417,102581046.7,1.5781E+12,3470143.172,15068,,,,,,
1578096000,0.03417,0.0345,0.03375,0.03434,55528746.4,1.57818E+12,1892275.96,7992,,,,,,
1578182400,0.03436,0.03527,0.03419,0.0346,71815282.1,1.57827E+12,2493890.081,10424,,,,,,
1578268800,0.03461,0.03736,0.03439,0.03732,131688800.5,1.57836E+12,4738039.458,16460,,,,,,
1578355200,0.03732,0.03808,0.03638,0.037,210380672.5,1.57844E+12,7824340.079,24529,,,,,,
1578441600,0.03696,0.03875,0.0358,0.03631,228408557.2,1.57853E+12,8558095.112,28477,,,,,,
1578528000,0.0363,0.03637,0.03548,0.03616,86372611.3,1.57861E+12,3104192.864,12305,,,,,,
1578614400,0.03616,0.03709,0.03468,0.03693,160265699.1,1.5787E+12,5771595.172,20539,,,,,,
1578700800,0.03693,0.0378,0.03641,0.03678,82682827.3,1.57879E+12,3065177.599,13389,,,,,,
1578787200,0.03673,0.03792,0.03653,0.03792,74412951.5,1.57887E+12,2768369.246,12078,,,,,,
1578873600,0.03788,0.03795,0.0367,0.03682,48213285.1,1.57896E+12,1787473.383,8846,,,,,,
1578960000,0.03682,0.04277,0.03681,0.04161,436406174.4,1.57905E+12,17250874.38,60102,,,,,,
1579046400,0.04161,0.04324,0.04001,0.04275,317415252.7,1.57913E+12,13254733.78,39538,,,,,,
1579132800,0.04277,0.0433,0.04017,0.04168,167386728.8,1.57922E+12,6885960.641,24738,,,,,,
1579219200,0.04169,0.04595,0.04114,0.0449,352746229.4,1.57931E+12,15419956.5,49435,,,,,,
1579305600,0.04488,0.04583,0.04311,0.04489,235080675.3,1.57939E+12,10506985.3,31621,,,,,,
1579392000,0.04489,0.046,0.04129,0.042,255673670.8,1.57948E+12,11009321.85,29181,,,,,,
1579478400,0.042,0.04435,0.04197,0.04378,168161777.9,1.57956E+12,7241777.814,21051,,,,,,
1579564800,0.04379,0.04684,0.04345,0.04602,276447719.3,1.57965E+12,12602754.13,33801,,,,,,
1579651200,0.04604,0.04655,0.0452,0.04575,130329910.9,1.57974E+12,5972832.686,21195,,,,,,
1579737600,0.04575,0.0459,0.0421,0.04318,196962912.5,1.57982E+12,8600495.134,27934,,,,,,
1579824000,0.04319,0.04539,0.04135,0.04495,208401165.6,1.57991E+12,9061066.572,27244,,,,,,
1579910400,0.04493,0.04525,0.04289,0.04314,121509453.8,1.58E+12,5311562.855,17999,,,,,,
1579996800,0.04314,0.04478,0.04287,0.04477,146166010.5,1.58008E+12,6411965.078,28010,,,,,,
1580083200,0.04479,0.04903,0.044,0.04796,301036037.1,1.58017E+12,14005846.23,45349,,,,,,
1580169600,0.048,0.05471,0.04749,0.0529,720874424,1.58026E+12,36978142.35,88392,,,,,,
1580256000,0.05291,0.05771,0.0526,0.05329,549284133.2,1.58034E+12,30490354.53,66634,,,,,,
1580342400,0.0533,0.0573,0.05218,0.05614,440823391.8,1.58043E+12,24072401.25,59967,,,,,,
1580428800,0.05614,0.0568,0.05215,0.0539,433767507,1.58052E+12,23492961.38,90248,,,,,,
1580515200,0.0539,0.05723,0.05312,0.0561,316991127.7,1.5806E+12,17473737.39,72967,,,,,,
1580601600,0.05608,0.0587,0.05489,0.0557,534062511.4,1.58069E+12,30556219.74,91900,,,,,,
1580688000,0.05572,0.05785,0.05528,0.05696,293324470.9,1.58077E+12,16619591.15,52092,,,,,,
1580774400,0.05698,0.05788,0.05395,0.05601,290866580.7,1.58086E+12,16217774.95,46830,,,,,,
1580860800,0.05601,0.06019,0.05561,0.05933,340602221.6,1.58095E+12,19881527.41,57965,,,,,,
1580947200,0.05931,0.06088,0.05795,0.06008,349428025.2,1.58103E+12,20911419.2,59350,,,,,,
1581033600,0.06011,0.06279,0.0594,0.05987,291231933,1.58112E+12,17757519.1,53407,,,,,,
1581120000,0.05987,0.06135,0.05703,0.06002,244212016.2,1.58121E+12,14592880.38,43573,,,,,,
1581206400,0.06001,0.0624,0.05997,0.06188,200981732.1,1.58129E+12,12324462.49,34027,,,,,,
1581292800,0.06188,0.0621,0.0584,0.06029,261446204.6,1.58138E+12,15673951.06,48474,,,,,,
1581379200,0.06027,0.0635,0.0589,0.06335,272124502.2,1.58147E+12,16586435.96,47166,,,,,,
1581465600,0.06339,0.07034,0.06336,0.06817,457749344.8,1.58155E+12,30446638.42,80015,,,,,,
1581552000,0.0682,0.07231,0.06481,0.06867,517671388.6,1.58164E+12,35865002.87,85333,,,,,,
1581638400,0.06868,0.07127,0.06712,0.07074,299318987.9,1.58172E+12,20764043.04,53746,,,,,,
1581724800,0.07071,0.07136,0.06234,0.06426,397183062.7,1.58181E+12,26603503.99,77854,,,,,,
1581811200,0.06423,0.06713,0.05669,0.06146,475885586.6,1.5819E+12,29377234.99,93485,,,,,,
1581897600,0.06145,0.0627,0.05572,0.06019,444539698.1,1.58198E+12,26030330.02,83682,,,,,,
1581984000,0.0602,0.06373,0.05771,0.06274,397628983.7,1.58207E+12,24231134.12,81097,,,,,,
1582070400,0.06279,0.063,0.05652,0.05737,243037174.1,1.58216E+12,14743331.58,60638,,,,,,
1582156800,0.05731,0.05894,0.05515,0.05815,307618869.9,1.58224E+12,17588519.38,74601,,,,,,
1582243200,0.05817,0.06,0.05738,0.05853,207696100.5,1.58233E+12,12224694.81,48104,,,,,,
1582329600,0.05856,0.05909,0.05696,0.05825,137773571.5,1.58242E+12,7990798.277,37290,,,,,,
1582416000,0.05819,0.062,0.0581,0.06145,182144312,1.5825E+12,11030229.06,37120,,,,,,
1582502400,0.06143,0.0618,0.05729,0.05906,239584286.3,1.58259E+12,14228848.9,48380,,,,,,
1582588800,0.05906,0.05916,0.05585,0.05603,252035011.9,1.58268E+12,14445292.64,54979,,,,,,
1582675200,0.05603,0.05667,0.04654,0.04915,628740635.6,1.58276E+12,31817935.3,113454,,,,,,
1582761600,0.04915,0.05217,0.0462,0.04986,396151349.9,1.58285E+12,19745310.44,95653,,,,,,
1582848000,0.04985,0.05134,0.0465,0.04885,341622382.6,1.58293E+12,16606191.46,62428,,,,,,
1582934400,0.04888,0.05,0.04707,0.0471,219715834,1.58302E+12,10642678.48,34620,,,,,,
1583020800,0.04706,0.04831,0.04506,0.04561,289344971.6,1.58311E+12,13565023.2,44382,,,,,,
1583107200,0.04559,0.0498,0.04544,0.04923,245027392.9,1.58319E+12,11777630,38165,,,,,,
1583193600,0.04922,0.04941,0.04743,0.04866,210562458,1.58328E+12,10192952.5,33235,,,,,,
1583280000,0.04868,0.05034,0.04789,0.04898,212432446.7,1.58337E+12,10428839.19,35593,,,,,,
1583366400,0.04898,0.05229,0.04898,0.05096,239400269,1.58345E+12,12171168.73,36923,,,,,,
1583452800,0.05096,0.05174,0.04982,0.05174,166677789.3,1.58354E+12,8490193.88,24604,,,,,,
1583539200,0.05171,0.05186,0.04815,0.04879,159048525.4,1.58363E+12,7973700.038,23325,,,,,,
1583625600,0.04876,0.04876,0.04232,0.04291,338062171.8,1.58371E+12,15301619.01,46839,,,,,,
1583712000,0.04291,0.044,0.03895,0.04156,453024388.7,1.5838E+12,18709239.13,55729,,,,,,
1583798400,0.04151,0.04299,0.04032,0.04146,362267320.9,1.58388E+12,15077818.51,58864,,,,,,
1583884800,0.04145,0.04182,0.03729,0.03969,370400639.3,1.58397E+12,14709966.92,57899,,,,,,
1583971200,0.0397,0.03983,0.02191,0.02329,1182129732,1.58406E+12,35875352.66,159376,,,,,,
1584057600,0.02332,0.02938,0.01765,0.02843,1313130188,1.58414E+12,32564268.91,206325,,,,,,
1584144000,0.02844,0.0289,0.02529,0.02582,381841598.4,1.58423E+12,10399176.17,65449,,,,,,
1584230400,0.02577,0.02904,0.02546,0.02693,364886224.3,1.58432E+12,9812612.215,58042,,,,,,
1584316800,0.02692,0.02697,0.02156,0.02423,695930389.6,1.5844E+12,16471734.67,92731,,,,,,
1584403200,0.02424,0.0265,0.02386,0.02575,389737125.2,1.58449E+12,9993317.414,47984,,,,,,
1584489600,0.02573,0.02653,0.02428,0.02607,302852175.1,1.58458E+12,7690055.838,43733,,,,,,
1584576000,0.02608,0.03198,0.0258,0.0303,509780641.3,1.58466E+12,14831629.73,70097,,,,,,
1584662400,0.03029,0.03396,0.02659,0.02946,685475524.7,1.58475E+12,21015746.21,92102,,,,,,
1584748800,0.02945,0.03067,0.0279,0.02948,373674370.3,1.58484E+12,10935774.51,51138,,,,,,
1584835200,0.02945,0.03044,0.02679,0.02703,320971901.9,1.58492E+12,9088075.09,35862,,,,,,
1584921600,0.02704,0.02993,0.0266,0.02925,352778439.1,1.58501E+12,9916694.59,35858,,,,,,
1585008000,0.02923,0.03041,0.02874,0.03023,283748059.1,1.58509E+12,8398926.179,33999,,,,,,
1585094400,0.03025,0.03043,0.02872,0.02945,251249333.7,1.58518E+12,7426715.754,28676,,,,,,
1585180800,0.02947,0.03102,0.02923,0.03086,211454985.4,1.58527E+12,6298686.579,24355,,,,,,
1585267200,0.03085,0.03143,0.02828,0.02882,255624968.4,1.58535E+12,7730323.724,31628,,,,,,
1585353600,0.02882,0.02998,0.0278,0.02975,289141133,1.58544E+12,8311103.796,32561,,,,,,
1585440000,0.02979,0.02999,0.02803,0.02806,189145475.1,1.58553E+12,5488503.94,20832,,,,,,
1585526400,0.02808,0.03044,0.02801,0.02965,224863601.5,1.58561E+12,6615830.222,31069,,,,,,
1585612800,0.02965,0.03067,0.0295,0.03045,166957955,1.5857E+12,5026845.514,23604,,,,,,
1585699200,0.03045,0.03097,0.02942,0.03097,245444045.6,1.58579E+12,7427083.53,32456,,,,,,
1585785600,0.03097,0.03352,0.0307,0.03188,297957908.5,1.58587E+12,9492006.555,44516,,,,,,
1585872000,0.03187,0.03272,0.03156,0.03231,212823616.2,1.58596E+12,6839650.619,26643,,,,,,
1585958400,0.03231,0.03272,0.0317,0.03244,185229786.8,1.58604E+12,5954674.177,20688,,,,,,
1586044800,0.03244,0.03256,0.03159,0.0319,103731278.3,1.58613E+12,3325293.377,11726,,,,,,
1586131200,0.03191,0.03611,0.0319,0.03592,350807966.8,1.58622E+12,11951449.73,46082,,,,,,
1586217600,0.03591,0.03695,0.0345,0.03525,338110789.5,1.5863E+12,12146896.56,39897,,,,,,
1586304000,0.03528,0.03683,0.03522,0.03639,220316016.7,1.58639E+12,7979139.27,26532,,,,,,
1586390400,0.03638,0.0366,0.03518,0.03607,158350204.8,1.58648E+12,5709476.089,21067,,,,,,
1586476800,0.03609,0.0362,0.03215,0.03321,297588582.1,1.58656E+12,9977705.852,39018,,,,,,
1586563200,0.03322,0.0341,0.03261,0.03343,169064114.5,1.58665E+12,5656698.097,22149,,,,,,
1586649600,0.03341,0.03489,0.0329,0.03347,160185105.5,1.58674E+12,5442438.35,20746,,,,,,
1586736000,0.03345,0.03353,0.03189,0.03311,235859753.6,1.58682E+12,7681563.936,31647,,,,,,
1586822400,0.03311,0.03376,0.03268,0.03312,133269260.5,1.58691E+12,4426061.711,18776,,,,,,
1586908800,0.03311,0.0337,0.03177,0.03185,132455165.6,1.587E+12,4351906.622,21997,,,,,,
1586995200,0.03184,0.035,0.03089,0.03446,322667204.9,1.58708E+12,10720970.28,43580,,,,,,
1587081600,0.03445,0.03494,0.03403,0.03432,127554039.6,1.58717E+12,4391288.307,17649,,,,,,
1587168000,0.03432,0.037,0.03431,0.03654,171038904.3,1.58725E+12,6097623.926,26235,,,,,,
1587254400,0.03657,0.03675,0.03506,0.03549,207612256.7,1.58734E+12,7452878.171,26671,,,,,,
1587340800,0.03549,0.0366,0.03382,0.03391,276214656,1.58743E+12,9744622.602,40117,,,,,,
1587427200,0.0339,0.035,0.0337,0.03454,167833883.3,1.58751E+12,5770834.077,21940,,,,,,
1587513600,0.03451,0.03668,0.03436,0.03664,130950861.4,1.5876E+12,4674531.604,19048,,,,,,
1587600000,0.03663,0.04257,0.03644,0.04088,531657372.7,1.58769E+12,20936933.49,68455,,,,,,
1587686400,0.04086,0.04473,0.04084,0.04165,503750365,1.58777E+12,21542646.75,85238,,,,,,
1587772800,0.04165,0.04358,0.04102,0.04222,205580959,1.58786E+12,8769944.902,31042,,,,,,
1587859200,0.04222,0.04616,0.04185,0.04593,409361864.3,1.58795E+12,18166000.53,65422,,,,,,
1587945600,0.04594,0.04765,0.04415,0.04648,477381231.7,1.58803E+12,21886652.97,71333,,,,,,
1588032000,0.04646,0.0481,0.04595,0.04679,323250547.9,1.58812E+12,15230514.51,49632,,,,,,
1588118400,0.04679,0.052,0.04678,0.05146,514603520,1.5882E+12,25746712.18,82041,,,,,,
1588204800,0.05148,0.05439,0.04701,0.04752,776031320.1,1.58829E+12,39374797,101902,,,,,,
1588291200,0.04751,0.05187,0.04744,0.05091,348040876.5,1.58838E+12,17520995.02,50596,,,,,,
1588377600,0.05092,0.05147,0.04941,0.0509,241926532.4,1.58846E+12,12208496.09,51404,,,,,,
1588464000,0.05095,0.05169,0.04754,0.04898,302715186.4,1.58855E+12,15051912.94,50759,,,,,,
1588550400,0.04897,0.05027,0.04612,0.04942,485261752.5,1.58864E+12,23411961.92,73854,,,,,,
1588636800,0.04943,0.0506,0.04867,0.04945,277355071.7,1.58872E+12,13780466,43327,,,,,,
1588723200,0.04949,0.05119,0.04863,0.04889,263316401.3,1.58881E+12,13170289.11,43562,,,,,,
1588809600,0.0489,0.05158,0.04826,0.05123,301296887.8,1.5889E+12,15081564.4,47558,,,,,,
1588896000,0.05121,0.05376,0.05088,0.05201,338982968.3,1.58898E+12,17647547.14,47996,,,,,,
1588982400,0.05201,0.05308,0.05121,0.05145,229723152.6,1.58907E+12,12006746.14,33085,,,,,,
1589068800,0.05145,0.05156,0.0425,0.04755,632824777.9,1.58916E+12,29626643.56,84288,,,,,,
1589155200,0.04758,0.05,0.04485,0.04779,535212969,1.58924E+12,25321549.05,78230,,,,,,
1589241600,0.04778,0.05118,0.04772,0.05043,371485429,1.58933E+12,18646755.19,51521,,,,,,
1589328000,0.05043,0.05227,0.0496,0.05147,277659878.4,1.58941E+12,14145826.9,44347,,,,,,
1589414400,0.05147,0.052,0.05039,0.05098,275887080.3,1.5895E+12,14159223.62,38313,,,,,,
1589500800,0.05098,0.05197,0.04951,0.05026,254093483.6,1.58959E+12,12913175.81,41597,,,,,,
1589587200,0.05031,0.05141,0.04989,0.051,161901812.7,1.58967E+12,8219908.577,24146,,,,,,
1589673600,0.051,0.05225,0.05089,0.05129,132874193.6,1.58976E+12,6835868.307,23208,,,,,,
1589760000,0.05128,0.055,0.05113,0.05434,359909268.8,1.58985E+12,19381335.8,52599,,,,,,
1589846400,0.05433,0.057,0.05255,0.05677,294210864.5,1.58993E+12,16053173.27,40239,,,,,,
1589932800,0.05675,0.0576,0.05382,0.05689,327189992.8,1.59002E+12,18387767.23,46799,,,,,,
1590019200,0.05686,0.0576,0.05023,0.05207,410702686.8,1.59011E+12,22193881.03,57687,,,,,,
1590105600,0.0521,0.057,0.05133,0.05576,358164957.6,1.59019E+12,19324550.23,52930,,,,,,
1590192000,0.05576,0.05648,0.0542,0.0549,204914013.2,1.59028E+12,11318693.49,34117,,,,,,
1590278400,0.0549,0.05616,0.0512,0.05125,246978557.4,1.59036E+12,13353831.34,38141,,,,,,
1590364800,0.05129,0.05434,0.05102,0.0539,282415963.3,1.59045E+12,14859502.13,49461,,,,,,
1590451200,0.05394,0.05417,0.05189,0.05355,218137958.8,1.59054E+12,11567153.08,29762,,,,,,
1590537600,0.05356,0.05595,0.05302,0.05513,270628151.1,1.59062E+12,14824890.3,41178,,,,,,
1590624000,0.05512,0.06766,0.05487,0.06502,714718749.9,1.59071E+12,43786850.14,119919,,,,,,
1590710400,0.06495,0.06667,0.06252,0.06469,591929034.2,1.5908E+12,38189373.78,95250,,,,,,
1590796800,0.06469,0.07748,0.06373,0.07691,1038874975,1.59088E+12,74487725.46,170009,,,,,,
1590883200,0.07688,0.0865,0.072,0.0739,1611428374,1.59097E+12,128363158.7,321393,,,,,,
1590969600,0.07391,0.08306,0.07347,0.08093,1059683219,1.59106E+12,83834217.6,221670,,,,,,
1591056000,0.08096,0.08248,0.0708,0.07872,807890970.3,1.59114E+12,63645498.5,146059,,,,,,
1591142400,0.07872,0.0861,0.07707,0.08558,746675602.9,1.59123E+12,61569756.99,143785,,,,,,
1591228800,0.08558,0.09039,0.08342,0.08882,876595811.4,1.59132E+12,76700977.1,173421,,,,,,
1591315200,0.08882,0.08914,0.08393,0.08517,480984869.2,1.5914E+12,41610327.15,116386,,,,,,
1591401600,0.08519,0.0873,0.08475,0.08614,274342754.6,1.59149E+12,23600346.86,78945,,,,,,
1591488000,0.08616,0.08867,0.0825,0.08657,470802696.7,1.59157E+12,40359608.33,130982,,,,,,
1591574400,0.08655,0.08695,0.08458,0.08648,216779869.4,1.59166E+12,18595514.83,63274,,,,,,
1591660800,0.08649,0.08678,0.08284,0.08291,228581184.8,1.59175E+12,19344027,70170,,,,,,
1591747200,0.08292,0.08399,0.07938,0.0836,447331679.7,1.59183E+12,36521722.17,121706,,,,,,
1591833600,0.0836,0.08512,0.073,0.07527,523976380,1.59192E+12,41375883.64,138495,,,,,,
1591920000,0.07527,0.0809,0.07497,0.07948,323950725,1.59201E+12,25476804.26,96402,,,,,,
1592006400,0.07948,0.07959,0.077,0.07906,161240000.7,1.59209E+12,12618820.77,49384,,,,,,
1592092800,0.07909,0.07918,0.07561,0.07642,135355914.6,1.59218E+12,10463515.3,39816,,,,,,
1592179200,0.07644,0.07984,0.0693,0.07824,618344226,1.59227E+12,45558107.23,155026,,,,,,
1592265600,0.07822,0.07978,0.07656,0.07925,292089259,1.59235E+12,22894553.82,68564,,,,,,
1592352000,0.07925,0.08398,0.07729,0.08349,470477521.4,1.59244E+12,38103742.25,92810,,,,,,
1592438400,0.0835,0.08454,0.08001,0.08176,316838158.3,1.59252E+12,26104085.76,64514,,,,,,
1592524800,0.08177,0.0819,0.07844,0.07987,273185135.5,1.59261E+12,21884352.92,59497,,,,,,
1592611200,0.07993,0.08023,0.077,0.07953,152661332.8,1.5927E+12,12017896.37,35165,,,,,,
1592697600,0.07956,0.08099,0.07814,0.07841,150318561.8,1.59278E+12,11967825.41,34173,,,,,,
1592784000,0.07839,0.08396,0.07821,0.08355,236593766.9,1.59287E+12,19258267.18,50273,,,,,,
1592870400,0.08359,0.08445,0.08152,0.08276,173136119.4,1.59296E+12,14352884.72,42455,,,,,,
1592956800,0.08278,0.08723,0.07995,0.08254,431553648,1.59304E+12,36059189.94,88710,,,,,,
1593043200,0.08251,0.08351,0.07863,0.08167,256346389.9,1.59313E+12,20858063.25,52092,,,,,,
1593129600,0.08166,0.08181,0.07934,0.08062,189443293.9,1.59322E+12,15262822.95,41167,,,,,,
1593216000,0.08063,0.081,0.07453,0.07738,239980469.3,1.5933E+12,18753839.17,49985,,,,,,
1593302400,0.07738,0.08109,0.0762,0.08028,230373628.4,1.59339E+12,18248575.43,41854,,,,,,
1593388800,0.08026,0.08444,0.08026,0.08392,322000901.7,1.59348E+12,26538377.19,61013,,,,,,
1593475200,0.08394,0.0847,0.08181,0.08299,196547531.1,1.59356E+12,16362429.51,42492,,,,,,
1593561600,0.083,0.09708,0.0824,0.09681,627920438.9,1.59365E+12,56678215.99,109932,,,,,,
1593648000,0.09685,0.09685,0.08742,0.09291,745942280.8,1.59373E+12,69432388.96,155953,,,,,,
1593734400,0.09291,0.1021,0.09221,0.09655,690799829.5,1.59382E+12,67173609.52,137709,,,,,,
1593820800,0.09652,0.10118,0.09591,0.10005,490805389.1,1.59391E+12,48478371.47,103311,,,,,,
1593907200,0.10005,0.10005,0.0942,0.09813,397913451.9,1.59399E+12,38453072.75,100450,,,,,,
1593993600,0.09815,0.10676,0.09722,0.10512,473375192.5,1.59408E+12,47783980.61,118533,,,,,,
1594080000,0.10512,0.11916,0.10289,0.11764,775869735,1.59417E+12,85913288.31,186335,,,,,,
1594166400,0.11764,0.13877,0.1147,0.12993,1587749613,1.59425E+12,204957288.8,394118,,,,,,
1594252800,0.12992,0.12993,0.11744,0.12403,893825632.2,1.59434E+12,109551339.3,219974,,,,,,
1594339200,0.12401,0.12428,0.11026,0.11846,808057758.1,1.59443E+12,94252583.9,192793,,,,,,
1594425600,0.11843,0.12726,0.11767,0.12523,460447487.7,1.59451E+12,56058359.53,123800,,,,,,
1594512000,0.12519,0.12849,0.12036,0.12685,416611565.9,1.5946E+12,51745214.43,111398,,,,,,
1594598400,0.12689,0.136,0.12078,0.12427,688293154.1,1.59468E+12,89791806.23,196971,,,,,,
1594684800,0.12426,0.135,0.1208,0.13256,573751827.4,1.59477E+12,73662902.88,165839,,,,,,
1594771200,0.13254,0.13283,0.12732,0.13069,370682346.2,1.59486E+12,48321002.17,98285,,,,,,
1594857600,0.13071,0.13333,0.11829,0.12602,607317645.2,1.59494E+12,76191690.71,162808,,,,,,
1594944000,0.12605,0.12671,0.12163,0.12224,269816299.8,1.59503E+12,33494705.57,76214,,,,,,
1595030400,0.12224,0.12475,0.11823,0.1227,275326072.2,1.59512E+12,33425718.04,74210,,,,,,
1595116800,0.12267,0.12475,0.12113,0.12402,172079009.8,1.5952E+12,21174528.34,45835,,,,,,
1595203200,0.12401,0.12431,0.11465,0.11771,253190451.2,1.59529E+12,30501269,69196,,,,,,
1595289600,0.11772,0.12468,0.11671,0.12321,260880715.5,1.59538E+12,31840419.19,73111,,,,,,
1595376000,0.1232,0.12466,0.12032,0.1238,167277837.9,1.59546E+12,20426754.27,47690,,,,,,
1595462400,0.12385,0.12607,0.12333,0.12422,233344422.6,1.59555E+12,29116173.64,56808,,,,,,
1595548800,0.1242,0.12437,0.12053,0.12197,185179301.2,1.59564E+12,22702498.29,47519,,,,,,
1595635200,0.122,0.14588,0.12195,0.14362,851485004.5,1.59572E+12,114672675.1,193325,,,,,,
1595721600,0.14368,0.15464,0.14131,0.14849,971402952.6,1.59581E+12,143551304.8,223732,,,,,,
1595808000,0.14847,0.14983,0.13,0.13859,1006112610,1.59589E+12,140173714.2,242476,,,,,,
1595894400,0.13861,0.15101,0.13399,0.14904,715760829,1.59598E+12,101485354.1,187266,,,,,,
1595980800,0.14904,0.14998,0.138,0.13972,537845004.2,1.59607E+12,77021419.24,136306,,,,,,
1596067200,0.13976,0.1426,0.13687,0.1406,320531544.9,1.59615E+12,44798051.82,84190,,,,,,
1596153600,0.14056,0.14133,0.13552,0.13878,257426976.7,1.59624E+12,35768909.73,69041,,,,,,
1596240000,0.13876,0.14691,0.13814,0.1441,428476131,1.59633E+12,60702230.24,116125,,,,,,
1596326400,0.14415,0.1485,0.1258,0.13375,557443813.3,1.59641E+12,76039339.17,165614,,,,,,
1596412800,0.13381,0.1393,0.132,0.1373,255391275.3,1.5965E+12,34915375.26,70874,,,,,,
1596499200,0.13735,0.14825,0.13611,0.14335,405429691.8,1.59659E+12,57479707.54,109467,,,,,,
1596585600,0.14333,0.14533,0.1397,0.14227,247854513.3,1.59667E+12,35444876.01,68864,,,,,,
1596672000,0.14229,0.14585,0.13986,0.14444,279832944.9,1.59676E+12,39977274.77,73906,,,,,,
1596758400,0.14441,0.14746,0.1327,0.13888,335277998.8,1.59684E+12,47212849.96,87926,,,,,,
1596844800,0.13891,0.14788,0.13723,0.14696,300085230.7,1.59693E+12,42907276.38,84394,,,,,,
1596931200,0.14695,0.1523,0.142,0.14512,404020544.5,1.59702E+12,59240265.41,111729,,,,,,
1597017600,0.14512,0.14653,0.14162,0.14383,338241373.9,1.5971E+12,48824823.04,79953,,,,,,
1597104000,0.14376,0.1445,0.13131,0.13685,335301733.6,1.59719E+12,46439453.48,89654,,,,,,
1597190400,0.13685,0.13787,0.12336,0.1367,409416032.2,1.59728E+12,54316032.05,117348,,,,,,
1597276800,0.1367,0.14212,0.13161,0.13944,370696719.4,1.59736E+12,50913965.51,102282,,,,,,
1597363200,0.13943,0.14117,0.13739,0.13826,236113113.1,1.59745E+12,32843527.95,78275,,,,,,
1597449600,0.13826,0.1418,0.1362,0.13837,278280169.4,1.59754E+12,38549882.37,88122,,,,,,
1597536000,0.13838,0.13961,0.13483,0.13882,208158137.1,1.59762E+12,28659548.84,74560,,,,,,
1597622400,0.13882,0.14484,0.13731,0.14039,385519511.7,1.59771E+12,54458449,108695,,,,,,
1597708800,0.14039,0.144,0.13374,0.13691,265797226.3,1.5978E+12,36812936.67,81728,,,,,,
1597795200,0.13686,0.13832,0.1258,0.12966,344298320.3,1.59788E+12,45306685.4,101362,,,,,,
1597881600,0.12964,0.13453,0.12605,0.13413,243493668.9,1.59797E+12,31673635.85,69689,,,,,,
1597968000,0.1342,0.13436,0.1214,0.12315,325572514.7,1.59805E+12,41793106.18,88722,,,,,,
1598054400,0.12314,0.12618,0.1182,0.12515,239238199.5,1.59814E+12,29380886.66,62609,,,,,,
1598140800,0.12516,0.1259,0.11929,0.12141,176404681.9,1.59823E+12,21562870.32,46020,,,,,,
1598227200,0.12146,0.12707,0.12,0.12361,192049653.6,1.59831E+12,23856479.04,47954,,,,,,
1598313600,0.12359,0.12395,0.10485,0.11239,538469253,1.5984E+12,60742877.27,116378,,,,,,
1598400000,0.11239,0.11819,0.11019,0.11435,291146015.7,1.59849E+12,33273716.65,76676,,,,,,
1598486400,0.11431,0.11583,0.10211,0.10725,397313718.2,1.59857E+12,42988197.77,95204,,,,,,
1598572800,0.10726,0.11166,0.10602,0.10927,254837464.6,1.59866E+12,27760523.99,65111,,,,,,
1598659200,0.10926,0.11796,0.10799,0.11623,219865981.9,1.59875E+12,24901197.33,60042,,,,,,
1598745600,0.11624,0.11879,0.11369,0.11747,208755018,1.59883E+12,24252577.32,59083,,,,,,
1598832000,0.11742,0.1268,0.11296,0.12253,459272450.5,1.59892E+12,55272513.47,110533,,,,,,
1598918400,0.1225,0.12812,0.11896,0.12445,330906806.9,1.599E+12,40914995.47,94575,,,,,,
1599004800,0.12444,0.12642,0.11031,0.11489,399997912.3,1.59909E+12,46730338.62,106257,,,,,,
1599091200,0.1149,0.11693,0.09222,0.09446,621880720.2,1.59918E+12,65772281.39,140458,,,,,,
1599177600,0.09448,0.10399,0.09215,0.10156,764723646.7,1.59926E+12,75302723.07,148713,,,,,,
1599264000,0.1016,0.10398,0.0854,0.09,648238071.4,1.59935E+12,60694659.8,126438,,,,,,
1599350400,0.08998,0.09614,0.0855,0.0926,391668905.2,1.59944E+12,35885202.83,102574,,,,,,
1599436800,0.09266,0.09421,0.08603,0.0936,382261960.2,1.59952E+12,34388635.79,89698,,,,,,
1599523200,0.09365,0.09699,0.08845,0.09101,413411592.3,1.59961E+12,37980714.17,99966,,,,,,
1599609600,0.09105,0.09575,0.08925,0.09331,239528985.2,1.5997E+12,22278716.61,56386,,,,,,
1599696000,0.09329,0.0995,0.09318,0.09709,318516552.9,1.59978E+12,30881801.01,76643,,,,,,
1599782400,0.09704,0.09755,0.09308,0.09701,221511294,1.59987E+12,21152779.66,53008,,,,,,
1599868800,0.09696,0.0985,0.09446,0.09771,171314687.5,1.59996E+12,16563999.23,45817,,,,,,
1599955200,0.09769,0.09981,0.09234,0.09507,241551462.9,1.60004E+12,23196907.17,63125,,,,,,
1600041600,0.09509,0.09787,0.09293,0.09663,222916155.5,1.60013E+12,21370868.59,57496,,,,,,
1600128000,0.09659,0.09804,0.09286,0.09313,228893108.7,1.60021E+12,21865209.11,53224,,,,,,
1600214400,0.09309,0.09334,0.08951,0.09151,274183427.8,1.6003E+12,24963807.5,62232,,,,,,
1600300800,0.09151,0.09475,0.09075,0.09408,233366881.9,1.60039E+12,21642750.88,54288,,,,,,
1600387200,0.09405,0.09415,0.08963,0.09093,216397448.7,1.60047E+12,19929205.05,47705,,,,,,
1600473600,0.09092,0.09325,0.09044,0.09141,146210080.5,1.60056E+12,13422294.32,30892,,,,,,
1600560000,0.09139,0.09223,0.08751,0.08936,178387120.7,1.60065E+12,16075687.23,37992,,,,,,
1600646400,0.08936,0.09017,0.077,0.07983,492053125.1,1.60073E+12,40449866.63,91032,,,,,,
1600732800,0.07989,0.08335,0.07906,0.08146,312840807.6,1.60082E+12,25530961.96,50054,,,,,,
1600819200,0.08148,0.0828,0.07545,0.07663,288788652.5,1.60091E+12,22965531.09,51320,,,,,,
1600905600,0.07663,0.08376,0.07549,0.08254,416112902.6,1.60099E+12,33237062.24,72250,,,,,,
1600992000,0.08254,0.09867,0.08233,0.09693,761770099.4,1.60108E+12,70085712.72,150218,,,,,,
1601078400,0.09691,0.09997,0.09226,0.09547,350666632.3,1.60116E+12,33573722.52,75131,,,,,,
1601164800,0.09541,0.10273,0.09419,0.1013,425402605.4,1.60125E+12,42041275.23,92847,,,,,,
1601251200,0.10132,0.10671,0.09957,0.1003,444510434.1,1.60134E+12,46144619.73,98472,,,,,,
1601337600,0.10026,0.1036,0.09735,0.1011,324750297.3,1.60142E+12,32669322.29,70407,,,,,,
1601424000,0.1011,0.10175,0.09662,0.10136,284886992.4,1.60151E+12,28279936.37,62625,,,,,,
1601510400,0.10136,0.10465,0.09458,0.09804,336851341.1,1.6016E+12,33766582.48,75151,,,,,,
1601596800,0.09803,0.1004,0.08967,0.09286,399944267.6,1.60168E+12,37544476.52,80851,,,,,,
1601683200,0.09285,0.09532,0.09208,0.09328,157830982.1,1.60177E+12,14831850.15,35373,,,,,,
1601769600,0.09332,0.09804,0.09205,0.09686,171939943.5,1.60186E+12,16335467.85,38628,,,,,,
1601856000,0.09684,0.09948,0.09585,0.09738,181150337.1,1.60194E+12,17672527.89,43215,,,,,,
1601942400,0.0974,0.09864,0.09122,0.09289,279075645.9,1.60203E+12,26400263.39,56153,,,,,,
1602028800,0.09287,0.09449,0.08934,0.09374,156895883.2,1.60212E+12,14522908.74,37532,,,,,,
1602115200,0.09372,0.09731,0.08975,0.09632,252697885.8,1.6022E+12,23716055.07,55746,,,,,,
1602201600,0.09632,0.10255,0.09485,0.10129,310310117.3,1.60229E+12,30460846.22,68553,,,,,,
1602288000,0.10133,0.11151,0.10133,0.10493,507111063.7,1.60237E+12,54343711.97,113861,,,,,,
1602374400,0.10488,0.10899,0.10415,0.10648,313077154.2,1.60246E+12,33383274.17,71724,,,,,,
1602460800,0.10652,0.11369,0.10216,0.10945,436930732,1.60255E+12,47008535.8,116208,,,,,,
1602547200,0.10951,0.11428,0.10751,0.10925,399840888.7,1.60263E+12,44347906.27,95325,,,,,,
1602633600,0.10927,0.11238,0.10519,0.10703,336699622.6,1.60272E+12,36695051.67,76777,,,,,,
1602720000,0.10703,0.10782,0.10441,0.10666,221158995.5,1.60281E+12,23512858.85,52674,,,,,,
1602806400,0.10664,0.10733,0.10218,0.10414,224603403.3,1.60289E+12,23387780.14,57297,,,,,,
1602892800,0.10415,0.10739,0.10316,0.10598,159726089.3,1.60298E+12,16908353.57,36828,,,,,,
1602979200,0.10589,0.10761,0.10501,0.10735,110005980.3,1.60307E+12,11693037.94,28868,,,,,,
1603065600,0.10737,0.1111,0.10598,0.10859,229437127,1.60315E+12,24904909.31,54797,,,,,,
1603152000,0.10856,0.10883,0.10058,0.10238,336559707.3,1.60324E+12,34938984.29,78262,,,,,,
1603238400,0.10237,0.10858,0.10128,0.10589,266714219.2,1.60332E+12,28160946.82,67356,,,,,,
1603324800,0.10585,0.11279,0.10507,0.11077,253146949.9,1.60341E+12,27605881.28,63416,,,,,,
1603411200,0.11075,0.11228,0.10515,0.10805,229349167.1,1.6035E+12,25008437.75,55980,,,,,,
1603497600,0.10801,0.1099,0.10726,0.10797,148170659.6,1.60358E+12,16100844.56,33483,,,,,,
1603584000,0.10795,0.10879,0.10603,0.10639,112506426.2,1.60367E+12,12075949.77,27332,,,,,,
1603670400,0.1064,0.1076,0.09892,0.10306,225727480.6,1.60376E+12,23259876.57,47869,,,,,,
1603756800,0.103,0.10568,0.10178,0.10256,184291093.8,1.60384E+12,19148597.64,44887,,,,,,
1603843200,0.10254,0.10331,0.09501,0.09869,282164120.8,1.60393E+12,27843309.88,61146,,,,,,
1603929600,0.09872,0.10082,0.09484,0.09531,257269193.8,1.60402E+12,25185522.6,53112,,,,,,
1604016000,0.09527,0.09569,0.08915,0.0933,278450826,1.6041E+12,25752587.65,59140,,,,,,
1604102400,0.09326,0.09555,0.09196,0.093,165418867.7,1.60419E+12,15510001.58,39997,,,,,,
1604188800,0.09296,0.09868,0.09241,0.09827,138991316.1,1.60428E+12,13268230.34,33696,,,,,,
1604275200,0.09827,0.10004,0.09151,0.09221,250365831.6,1.60436E+12,23937317.23,56812,,,,,,
1604361600,0.09222,0.09417,0.08793,0.09357,244514002.7,1.60445E+12,22310146.75,60952,,,,,,
1604448000,0.0936,0.09628,0.09155,0.0955,256317711.9,1.60453E+12,24074287.54,64713,,,,,,
1604534400,0.09553,0.0981,0.09207,0.09752,332802061.7,1.60462E+12,31727134.73,72246,,,,,,
1604620800,0.09749,0.11,0.09706,0.1091,451716971.6,1.60471E+12,47427482.92,129308,,,,,,
1604707200,0.10912,0.11387,0.09861,0.10128,647454529.2,1.60479E+12,68824996.45,163067,,,,,,
1604793600,0.10131,0.10832,0.0997,0.10655,270595831,1.60488E+12,28449684.68,81231,,,,,,
1604880000,0.10652,0.10799,0.10114,0.10561,310077984.4,1.60497E+12,32470998.38,91304,,,,,,
1604966400,0.10555,0.10915,0.10355,0.1059,303777358.8,1.60505E+12,32285456.15,92669,,,,,,
1605052800,0.1059,0.1089,0.10541,0.10599,251231387.1,1.60514E+12,26998072.99,83826,,,,,,
1605139200,0.10597,0.10667,0.10254,0.1046,223674122.1,1.60523E+12,23422636.26,72476,,,,,,
1605225600,0.10462,0.10798,0.10401,0.10629,237407048.5,1.60531E+12,25204728.44,78935,,,,,,
1605312000,0.10633,0.1073,0.10142,0.10411,228682972,1.6054E+12,23742897.25,67849,,,,,,
1605398400,0.10411,0.10527,0.0985,0.10046,201375366.6,1.60548E+12,20647920.5,60583,,,,,,
1605484800,0.10045,0.10499,0.0995,0.10387,215990529.7,1.60557E+12,22246202.73,71450,,,,,,
1605571200,0.10387,0.11246,0.10354,0.10947,422358548.5,1.60566E+12,46065393.69,133129,,,,,,
1605657600,0.10944,0.11161,0.10171,0.10658,434138632.2,1.60574E+12,46348194.86,109490,,,,,,
1605744000,0.10662,0.10816,0.10435,0.1059,237807123,1.60583E+12,25258809.57,66459,,,,,,
1605830400,0.1059,0.119,0.10549,0.11828,437634200.7,1.60592E+12,48645520.07,127423,,,,,,
1605916800,0.11826,0.13472,0.11605,0.13334,1071722949,1.606E+12,134223347.7,265512,,,,,,
1606003200,0.13335,0.15352,0.12,0.14599,1960688778,1.60609E+12,265147097.9,448124,,,,,,
1606089600,0.14593,0.15925,0.141,0.15445,1389843990,1.60618E+12,210177734.5,399986,,,,,,
1606176000,0.15451,0.183,0.15,0.16721,1689043010,1.60626E+12,281406314,515388,,,,,,
1606262400,0.16722,0.17549,0.14702,0.15473,1078036853,1.60635E+12,177884968.9,335752,,,,,,
1606348800,0.15474,0.16085,0.1123,0.13843,1645992626,1.60644E+12,223129884,413242,,,,,,
1606435200,0.13835,0.14559,0.1307,0.14178,714401286.7,1.60652E+12,97878697.61,212382,,,,,,
1606521600,0.14178,0.17233,0.13878,0.16489,1087688654,1.60661E+12,171712019.2,312532,,,,,,
1606608000,0.16487,0.17136,0.15712,0.16663,764061575.3,1.60669E+12,125044829.8,240569,,,,,,
1606694400,0.16666,0.17399,0.16011,0.17204,810673450.8,1.60678E+12,136237545.7,229177,,,,,,
1606780800,0.17207,0.17456,0.14132,0.15562,1039771812,1.60687E+12,166639130.7,289501,,,,,,
1606867200,0.15554,0.15997,0.15065,0.15845,435020305.6,1.60695E+12,67918215.16,114336,,,,,,
1606953600,0.15841,0.16842,0.15532,0.16398,413504395.2,1.60704E+12,66943835.33,139922,,,,,,
1607040000,0.16395,0.16464,0.146,0.14781,466897814.7,1.60713E+12,73072575.78,181178,,,,,,
1607126400,0.14779,0.16198,0.14608,0.15993,350995852.1,1.60721E+12,54873141.57,134044,,,,,,
1607212800,0.15996,0.16288,0.15301,0.15873,290105225.6,1.6073E+12,45667813.04,116907,,,,,,
1607299200,0.15875,0.15906,0.15132,0.15401,213173504.2,1.60739E+12,33055652.75,64151,,,,,,
1607385600,0.15401,0.1552,0.13756,0.1412,431926292.3,1.60747E+12,63198666.27,136736,,,,,,
1607472000,0.14117,0.15025,0.12924,0.14796,538859167.1,1.60756E+12,75432291.64,167539,,,,,,
1607558400,0.14796,0.14865,0.13906,0.14188,282799496.3,1.60764E+12,40687535.72,97346,,,,,,
1607644800,0.14188,0.14291,0.13473,0.13926,299140983.7,1.60773E+12,41561549.17,96159,,,,,,
1607731200,0.13927,0.14736,0.13876,0.14438,236440057.4,1.60782E+12,34221271.35,91320,,,,,,
1607817600,0.14439,0.15669,0.1429,0.15406,327839004.5,1.6079E+12,49816857.99,123350,,,,,,
1607904000,0.15404,0.1588,0.14953,0.15877,267003605,1.60799E+12,40943801.06,100732,,,,,,
1607990400,0.15877,0.16,0.15261,0.15381,272831838.6,1.60808E+12,42449979.3,106861,,,,,,
1608076800,0.15385,0.16844,0.14903,0.16814,496276026.7,1.60816E+12,79083716.82,173866,,,,,,
1608163200,0.16806,0.17628,0.16052,0.16336,770340713.9,1.60825E+12,129542865.7,233697,,,,,,
1608249600,0.16339,0.16942,0.15821,0.16502,404588707,1.60834E+12,66380846.14,145567,,,,,,
1608336000,0.16502,0.17082,0.16286,0.16433,342041141.9,1.60842E+12,57248498.4,138007,,,,,,
1608422400,0.16421,0.169,0.156,0.16201,336692485.2,1.60851E+12,55276607.61,140413,,,,,,
1608508800,0.16196,0.16714,0.1468,0.15278,430322921,1.6086E+12,67151902.26,159210,,,,,,
1608595200,0.15279,0.16124,0.14879,0.15646,472974503.2,1.60868E+12,73764999.88,188714,,,,,,
1608681600,0.15645,0.15786,0.1263,0.13635,818577125.1,1.60877E+12,118904127.9,262757,,,,,,
1608768000,0.13631,0.15477,0.13132,0.15304,738995663.2,1.60885E+12,104882009.5,232837,,,,,,
1608854400,0.15305,0.167,0.15006,0.15761,589176673.8,1.60894E+12,93288393.38,196476,,,,,,
1608940800,0.15763,0.16242,0.1488,0.15839,563232604.1,1.60903E+12,87540978.46,192288,,,,,,
1609027200,0.15839,0.16642,0.14936,0.15467,798134617.2,1.60911E+12,126512838.1,241054,,,,,,
1609113600,0.15467,0.18057,0.1528,0.17627,881547663.5,1.6092E+12,147754102.9,278089,,,,,,
1609200000,0.1763,0.19725,0.17304,0.19067,1475500720,1.60929E+12,273970430.8,483117,,,,,,
1609286400,0.19069,0.19389,0.17511,0.18389,670221026.8,1.60937E+12,122388423.3,281329,,,,,,
1609372800,0.18389,0.1864,0.17443,0.18134,447672619.8,1.60946E+12,80709170.34,171189,,,,,,
1609459200,0.18134,0.18473,0.17,0.17509,462201570.9,1.60955E+12,82720467.01,178824,,,,,,
1609545600,0.17505,0.18457,0.16793,0.17742,660303281.2,1.60963E+12,117077280.5,231432,,,,,,
1609632000,0.1774,0.2096,0.17255,0.20615,1201451449,1.60972E+12,230834619.5,403926,,,,,,
1609718400,0.20625,0.23992,0.19203,0.22528,1463415576,1.6098E+12,315299480.5,548636,,,,,,
1609804800,0.22518,0.26429,0.20696,0.25873,1478887679,1.60989E+12,349709110.8,614385,,,,,,
1609891200,0.25889,0.34772,0.25347,0.33309,2059110043,1.60998E+12,611715688.1,893919,,,,,,
1609977600,0.33311,0.3553,0.2785,0.29928,1411321699,1.61006E+12,453119832.6,654373,,,,,,
1610064000,0.29917,0.32165,0.26175,0.30389,1284205249,1.61015E+12,380368303,531917,,,,,,
1610150400,0.30392,0.33851,0.29583,0.33062,820267450.7,1.61024E+12,259644112.1,364494,,,,,,
1610236800,0.33062,0.3412,0.27948,0.30153,908667596,1.61032E+12,285668888.3,409748,,,,,,
1610323200,0.30154,0.30397,0.2288,0.2757,1530569582,1.61041E+12,404536667.2,534981,,,,,,
1610409600,0.27563,0.31442,0.2628,0.28888,1059013245,1.6105E+12,303626067.9,422638,,,,,,
1610496000,0.28875,0.31587,0.27,0.3123,715473111.9,1.61058E+12,208192713.9,296349,,,,,,
1610582400,0.31246,0.32455,0.29646,0.31201,656502674,1.61067E+12,204581244.1,292444,,,,,,
1610668800,0.31203,0.33225,0.27739,0.30188,853517402.8,1.61076E+12,264651790.3,383114,,,,,,
1610755200,0.30189,0.36696,0.30186,0.35071,1219589043,1.61084E+12,416047249.2,551624,,,,,,
1610841600,0.35057,0.3974,0.34076,0.38081,1422650839,1.61093E+12,529806343.2,738575,,,,,,
1610928000,0.38077,0.39724,0.36413,0.37123,636785470.4,1.61101E+12,239548962.4,345702,,,,,,
1611014400,0.37132,0.39001,0.362,0.3672,606641543,1.6111E+12,226285256.5,370018,,,,,,
1611100800,0.3672,0.3769,0.33033,0.37532,656351514.5,1.61119E+12,232444042,346650,,,,,,
1611187200,0.37548,0.37945,0.3,0.30785,785029729.8,1.61127E+12,267771231.8,404103,,,,,,
1611273600,0.30786,0.3598,0.28,0.34867,898752288,1.61136E+12,290516408.4,465828,,,,,,
1611360000,0.34842,0.35763,0.33541,0.34583,418300948.7,1.61145E+12,145267535.3,240273,,,,,,
1611446400,0.34575,0.36926,0.33613,0.35345,458536220.6,1.61153E+12,161447140.1,234964,,,,,,
1611532800,0.35346,0.36415,0.34034,0.34308,407390809.5,1.61162E+12,144604820.6,222342,,,,,,
1611619200,0.34284,0.35111,0.32404,0.3433,354428194,1.61171E+12,120457217.7,202859,,,,,,
1611705600,0.34342,0.34396,0.30404,0.31144,422544056.1,1.61179E+12,135320113.3,235043,,,,,,
1611792000,0.31142,0.35575,0.30431,0.34409,487709261.2,1.61188E+12,163965629.1,309801,,,,,,
1611878400,0.34409,0.36836,0.3305,0.34752,666472809.5,1.61196E+12,235094446.4,438205,,,,,,
1611964800,0.34764,0.37694,0.337,0.364,510716622.4,1.61205E+12,181305666.3,329408,,,,,,
1612051200,0.36395,0.37752,0.338,0.34475,399794774.9,1.61214E+12,141712986.5,322422,,,,,,
1612137600,0.34464,0.42411,0.33214,0.40876,844822325.1,1.61222E+12,315517729.2,424028,,,,,,
1612224000,0.40882,0.4559,0.38868,0.42498,1501769862,1.61231E+12,635347397.6,959565,,,,,,
1612310400,0.425,0.44961,0.41509,0.44189,541252929.4,1.6124E+12,233609024.2,382672,,,,,,
1612396800,0.44213,0.45,0.41003,0.43934,536142412.3,1.61248E+12,231296073.1,356573,,,,,,
1612483200,0.43903,0.56,0.43638,0.53917,1277155737,1.61257E+12,647988571.4,1006967,,,,,,
1612569600,0.53874,0.66706,0.51901,0.63444,1255504053,1.61266E+12,735618983.1,1012355,,,,,,
1612656000,0.63444,0.70888,0.58,0.66109,1596532268,1.61274E+12,1031252551,1258967,,,,,,
1612742400,0.66109,0.7238,0.63191,0.67638,1008667680,1.61283E+12,687200350.1,834316,,,,,,
1612828800,0.67674,0.71206,0.6624,0.70562,590482327.7,1.61292E+12,405545405.3,641568,,,,,,
1612915200,0.70562,0.95306,0.70555,0.93966,1693219939,1.613E+12,1404210349,1481690,,,,,,
1613001600,0.94041,0.98,0.86513,0.92796,975100368.2,1.61309E+12,903411072.8,1176112,,,,,,
1613088000,0.9281,0.94825,0.866,0.92426,649547803.8,1.61317E+12,593210760.2,660663,,,,,,
1613174400,0.92418,0.95053,0.82,0.91299,586878561.3,1.61326E+12,527921465.8,566194,,,,,,
1613260800,0.91303,0.919,0.80666,0.84364,539495015.4,1.61335E+12,464156537.9,481065,,,,,,
1613347200,0.84288,0.911,0.6856,0.86143,932826536.9,1.61343E+12,773675700.8,1016723,,,,,,
1613433600,0.86128,0.90591,0.83334,0.87,526075390.6,1.61352E+12,460384874,559396,,,,,,
1613520000,0.8699,0.89745,0.8215,0.89206,460328636.1,1.61361E+12,397664271.3,571034,,,,,,
1613606400,0.89206,0.9578,0.89202,0.91442,580074009.4,1.61369E+12,536478522.6,645125,,,,,,
1613692800,0.91433,0.9456,0.87851,0.92581,547803715.8,1.61378E+12,503644913.7,534053,,,,,,
1613779200,0.92597,1.2,0.91329,1.11568,1480541917,1.61387E+12,1605889357,1562187,,,,,,
1613865600,1.1156,1.15172,1.0675,1.09894,636265765.2,1.61395E+12,708941857.8,804446,,,,,,
1613952000,1.09955,1.146,0.831,1.09703,1333970209,1.61404E+12,1356545593,1291551,,,,,,
1614038400,1.09728,1.142,0.81,0.96197,1625220449,1.61412E+12,1563316093,1748705,,,,,,
