,t,v
0,1438214400,0
1,1438300800,0
2,1438387200,0
3,1438473600,0
4,1438560000,0
5,1438646400,0
6,1438732800,0
7,1438819200,0
8,1438905600,1085
9,1438992000,800
10,1439078400,731
11,1439164800,997
12,1439251200,2339
13,1439337600,904
14,1439424000,1273
15,1439510400,1592
16,1439596800,1309
17,1439683200,1202
18,1439769600,1249
19,1439856000,1294
20,1439942400,1349
21,1440028800,1166
22,1440115200,1423
23,1440201600,1413
24,1440288000,1569
25,1440374400,1436
26,1440460800,1576
27,1440547200,1527
28,1440633600,1590
29,1440720000,1530
30,1440806400,1375
31,1440892800,1624
32,1440979200,1514
33,1441065600,1551
34,1441152000,1514
35,1441238400,1447
36,1441324800,1446
37,1441411200,1476
38,1441497600,1585
39,1441584000,1631
40,1441670400,1540
41,1441756800,1543
42,1441843200,1539
43,1441929600,1701
44,1442016000,1543
45,1442102400,1598
46,1442188800,1622
47,1442275200,1486
48,1442361600,1509
49,1442448000,1516
50,1442534400,1459
51,1442620800,1367
52,1442707200,1466
53,1442793600,1520
54,1442880000,1533
55,1442966400,1732
56,1443052800,1568
57,1443139200,1536
58,1443225600,1420
59,1443312000,1414
60,1443398400,1545
61,1443484800,1532
62,1443571200,1490
63,1443657600,1472
64,1443744000,1375
65,1443830400,1389
66,1443916800,1393
67,1444003200,1395
68,1444089600,1415
69,1444176000,1373
70,1444262400,1330
71,1444348800,1366
72,1444435200,1266
73,1444521600,1300
74,1444608000,1327
75,1444694400,1475
76,1444780800,1565
77,1444867200,1496
78,1444953600,1366
79,1445040000,1353
80,1445126400,1340
81,1445212800,1450
82,1445299200,1311
83,1445385600,1520
84,1445472000,1386
85,1445558400,1502
86,1445644800,1635
87,1445731200,1494
88,1445817600,1648
89,1445904000,1694
90,1445990400,1699
91,1446076800,1971
92,1446163200,2208
93,1446249600,1976
94,1446336000,2128
95,1446422400,2031
96,1446508800,2063
97,1446595200,2038
98,1446681600,1911
99,1446768000,1802
100,1446854400,2058
101,1446940800,2262
102,1447027200,2060
103,1447113600,1822
104,1447200000,2033
105,1447286400,1805
106,1447372800,1804
107,1447459200,1794
108,1447545600,1758
109,1447632000,1864
110,1447718400,1901
111,1447804800,1859
112,1447891200,1862
113,1447977600,1763
114,1448064000,1710
115,1448150400,2015
116,1448236800,1738
117,1448323200,1820
118,1448409600,1709
119,1448496000,1804
120,1448582400,1660
121,1448668800,1651
122,1448755200,1666
123,1448841600,1782
124,1448928000,1762
125,1449014400,1673
126,1449100800,1755
127,1449187200,1741
128,1449273600,1713
129,1449360000,2001
130,1449446400,1952
131,1449532800,1753
132,1449619200,1747
133,1449705600,1778
134,1449792000,1784
135,1449878400,2152
136,1449964800,1960
137,1450051200,2177
138,1450137600,2164
139,1450224000,2150
140,1450310400,2402
141,1450396800,2184
142,1450483200,2187
143,1450569600,2207
144,1450656000,2312
145,1450742400,2311
146,1450828800,2215
147,1450915200,2234
148,1451001600,2158
149,1451088000,2282
150,1451174400,2214
151,1451260800,2422
152,1451347200,2392
153,1451433600,2360
154,1451520000,2578
155,1451606400,2350
156,1451692800,2410
157,1451779200,2454
158,1451865600,2537
159,1451952000,2533
160,1452038400,2645
161,1452124800,2683
162,1452211200,2610
163,1452297600,2624
164,1452384000,2797
165,1452470400,2950
166,1452556800,2985
167,1452643200,2815
168,1452729600,2751
169,1452816000,3123
170,1452902400,2662
171,1452988800,2578
172,1453075200,3050
173,1453161600,2844
174,1453248000,3349
175,1453334400,2900
176,1453420800,2976
177,1453507200,3408
178,1453593600,3820
179,1453680000,4035
180,1453766400,4326
181,1453852800,4051
182,1453939200,4459
183,1454025600,4313
184,1454112000,4335
185,1454198400,4390
186,1454284800,4194
187,1454371200,4161
188,1454457600,4325
189,1454544000,4077
190,1454630400,4697
191,1454716800,3836
192,1454803200,4053
193,1454889600,4492
194,1454976000,4755
195,1455062400,6029
196,1455148800,7678
197,1455235200,6480
198,1455321600,6064
199,1455408000,5542
200,1455494400,5680
201,1455580800,5680
202,1455667200,5726
203,1455753600,5531
204,1455840000,5524
205,1455926400,5224
206,1456012800,6281
207,1456099200,6000
208,1456185600,6043
209,1456272000,6031
210,1456358400,6599
211,1456444800,5922
212,1456531200,5917
213,1456617600,6495
214,1456704000,7113
215,1456790400,7653
216,1456876800,8541
217,1456963200,9058
218,1457049600,8973
219,1457136000,10056
220,1457222400,9723
221,1457308800,8041
222,1457395200,9468
223,1457481600,9247
224,1457568000,9809
225,1457654400,9475
226,1457740800,9979
227,1457827200,10160
228,1457913600,10419
229,1458000000,10362
230,1458086400,9643
231,1458172800,10279
232,1458259200,10754
233,1458345600,9578
234,1458432000,10071
235,1458518400,10316
236,1458604800,9765
237,1458691200,10090
238,1458777600,10061
239,1458864000,10022
240,1458950400,9844
241,1459036800,10646
242,1459123200,10791
243,1459209600,12247
244,1459296000,12342
245,1459382400,11282
246,1459468800,10943
247,1459555200,10753
248,1459641600,10808
249,1459728000,11653
250,1459814400,12088
251,1459900800,11866
252,1459987200,11746
253,1460073600,11561
254,1460160000,11973
255,1460246400,12823
256,1460332800,12055
257,1460419200,12593
258,1460505600,12899
259,1460592000,12314
260,1460678400,11835
261,1460764800,11883
262,1460851200,12504
263,1460937600,12483
264,1461024000,12426
265,1461110400,12673
266,1461196800,12669
267,1461283200,12799
268,1461369600,12583
269,1461456000,12690
270,1461542400,13177
271,1461628800,13364
272,1461715200,13224
273,1461801600,12983
274,1461888000,14976
275,1461974400,19611
276,1462060800,14479
277,1462147200,17567
278,1462233600,14860
279,1462320000,14505
280,1462406400,14744
281,1462492800,14554
282,1462579200,14178
283,1462665600,14755
284,1462752000,15260
285,1462838400,15268
286,1462924800,16717
287,1463011200,17089
288,1463097600,18465
289,1463184000,16621
290,1463270400,16064
291,1463356800,15238
292,1463443200,16863
293,1463529600,19489
294,1463616000,18314
295,1463702400,17280
296,1463788800,16620
297,1463875200,15530
298,1463961600,18092
299,1464048000,17235
300,1464134400,17693
301,1464220800,24287
302,1464307200,19744
303,1464393600,25544
304,1464480000,18706
305,1464566400,17487
306,1464652800,18200
307,1464739200,17471
308,1464825600,17310
309,1464912000,16840
310,1464998400,16484
311,1465084800,16415
312,1465171200,17397
313,1465257600,17181
314,1465344000,17766
315,1465430400,17185
316,1465516800,17659
317,1465603200,14553
318,1465689600,18465
319,1465776000,21140
320,1465862400,21319
321,1465948800,19187
322,1466035200,17828
323,1466121600,26354
324,1466208000,24486
325,1466294400,21456
326,1466380800,20532
327,1466467200,20608
328,1466553600,22393
329,1466640000,18940
330,1466726400,19518
331,1466812800,17609
332,1466899200,21197
333,1466985600,18432
334,1467072000,20213
335,1467158400,18991
336,1467244800,19106
337,1467331200,18562
338,1467417600,19145
339,1467504000,18775
340,1467590400,19737
341,1467676800,19608
342,1467763200,18924
343,1467849600,19130
344,1467936000,19837
345,1468022400,19173
346,1468108800,19159
347,1468195200,18932
348,1468281600,19651
349,1468368000,17205
350,1468454400,19786
351,1468540800,19457
352,1468627200,18610
353,1468713600,16013
354,1468800000,17847
355,1468886400,25044
356,1468972800,22493
357,1469059200,21039
358,1469145600,23004
359,1469232000,20878
360,1469318400,26637
361,1469404800,23698
362,1469491200,29171
363,1469577600,27063
364,1469664000,23671
365,1469750400,21494
366,1469836800,20187
367,1469923200,21040
368,1470009600,21222
369,1470096000,19826
370,1470182400,22237
371,1470268800,21438
372,1470355200,20380
373,1470441600,19228
374,1470528000,19742
375,1470614400,19703
376,1470700800,21974
377,1470787200,20357
378,1470873600,21918
379,1470960000,19469
380,1471046400,19010
381,1471132800,19163
382,1471219200,19558
383,1471305600,20519
384,1471392000,19652
385,1471478400,19246
386,1471564800,19604
387,1471651200,19362
388,1471737600,19692
389,1471824000,19699
390,1471910400,21158
391,1471996800,19573
392,1472083200,21100
393,1472169600,19665
394,1472256000,19491
395,1472342400,19818
396,1472428800,20768
397,1472515200,19899
398,1472601600,21425
399,1472688000,21651
400,1472774400,21064
401,1472860800,19971
402,1472947200,19893
403,1473033600,19944
404,1473120000,20349
405,1473206400,19309
406,1473292800,22067
407,1473379200,20191
408,1473465600,19816
409,1473552000,20428
410,1473638400,20870
411,1473724800,20394
412,1473811200,20026
413,1473897600,20788
414,1473984000,21062
415,1474070400,20895
416,1474156800,19311
417,1474243200,20815
418,1474329600,24152
419,1474416000,20483
420,1474502400,17285
421,1474588800,17889
422,1474675200,18289
423,1474761600,17628
424,1474848000,17398
425,1474934400,17141
426,1475020800,18540
427,1475107200,17889
428,1475193600,17196
429,1475280000,19349
430,1475366400,19982
431,1475452800,18278
432,1475539200,15561
433,1475625600,16294
434,1475712000,16683
435,1475798400,19006
436,1475884800,18750
437,1475971200,19060
438,1476057600,20207
439,1476144000,17375
440,1476230400,11622
441,1476316800,9196
442,1476403200,15787
443,1476489600,12309
444,1476576000,14286
445,1476662400,16627
446,1476748800,20390
447,1476835200,14025
448,1476921600,20543
449,1477008000,22984
450,1477094400,18578
451,1477180800,17409
452,1477267200,18471
453,1477353600,18391
454,1477440000,18388
455,1477526400,18303
456,1477612800,18200
457,1477699200,16895
458,1477785600,15090
459,1477872000,19716
460,1477958400,19995
461,1478044800,20903
462,1478131200,19168
463,1478217600,13161
464,1478304000,16302
465,1478390400,14769
466,1478476800,17912
467,1478563200,16634
468,1478649600,17118
469,1478736000,15675
470,1478822400,17355
471,1478908800,16049
472,1478995200,17374
473,1479081600,15696
474,1479168000,16864
475,1479254400,15608
476,1479340800,15664
477,1479427200,16174
478,1479513600,15527
479,1479600000,16184
480,1479686400,15905
481,1479772800,29333
482,1479859200,38690
483,1479945600,15802
484,1480032000,27720
485,1480118400,14408
486,1480204800,15693
487,1480291200,16437
488,1480377600,15063
489,1480464000,16222
490,1480550400,14715
491,1480636800,16556
492,1480723200,16472
493,1480809600,16946
494,1480896000,15877
495,1480982400,18086
496,1481068800,14955
497,1481155200,15091
498,1481241600,16041
499,1481328000,14647
500,1481414400,15171
501,1481500800,15800
502,1481587200,14426
503,1481673600,16366
504,1481760000,17342
505,1481846400,16129
506,1481932800,14792
507,1482019200,13456
508,1482105600,16628
509,1482192000,16558
510,1482278400,15826
511,1482364800,22937
512,1482451200,17157
513,1482537600,15106
514,1482624000,13699
515,1482710400,13753
516,1482796800,14339
517,1482883200,15062
518,1482969600,15042
519,1483056000,15501
520,1483142400,15400
521,1483228800,13695
522,1483315200,14916
523,1483401600,14612
524,1483488000,17688
525,1483574400,18556
526,1483660800,16828
527,1483747200,16353
528,1483833600,15423
529,1483920000,17012
530,1484006400,16033
531,1484092800,16114
532,1484179200,17244
533,1484265600,16395
534,1484352000,15653
535,1484438400,15980
536,1484524800,16685
537,1484611200,17444
538,1484697600,16307
539,1484784000,16179
540,1484870400,17870
541,1484956800,16126
542,1485043200,16266
543,1485129600,16462
544,1485216000,17417
545,1485302400,16199
546,1485388800,16431
547,1485475200,16081
548,1485561600,16088
549,1485648000,15472
550,1485734400,16731
551,1485820800,15702
552,1485907200,16291
553,1485993600,16344
554,1486080000,15984
555,1486166400,16880
556,1486252800,16934
557,1486339200,16222
558,1486425600,16512
559,1486512000,16933
560,1486598400,17008
561,1486684800,16920
562,1486771200,15889
563,1486857600,16993
564,1486944000,18332
565,1487030400,19122
566,1487116800,19126
567,1487203200,18244
568,1487289600,18030
569,1487376000,18016
570,1487462400,17208
571,1487548800,18484
572,1487635200,18234
573,1487721600,18186
574,1487808000,17744
575,1487894400,19618
576,1487980800,18678
577,1488067200,18723
578,1488153600,20065
579,1488240000,23008
580,1488326400,24640
581,1488412800,31671
582,1488499200,26417
583,1488585600,23528
584,1488672000,22794
585,1488758400,23216
586,1488844800,21801
587,1488931200,21949
588,1489017600,25259
589,1489104000,24360
590,1489190400,24568
591,1489276800,26279
592,1489363200,34416
593,1489449600,30083
594,1489536000,31515
595,1489622400,44081
596,1489708800,43475
597,1489795200,36139
598,1489881600,31688
599,1489968000,32258
600,1490054400,32893
601,1490140800,30363
602,1490227200,30333
603,1490313600,35997
604,1490400000,33765
605,1490486400,30223
606,1490572800,33502
607,1490659200,32428
608,1490745600,33236
609,1490832000,38687
610,1490918400,44805
611,1491004800,32141
612,1491091200,35568
613,1491177600,42695
614,1491264000,35370
615,1491350400,35431
616,1491436800,40185
617,1491523200,32326
618,1491609600,29289
619,1491696000,28595
620,1491782400,31474
621,1491868800,30656
622,1491955200,32285
623,1492041600,34002
624,1492128000,32489
625,1492214400,30928
626,1492300800,27796
627,1492387200,29452
628,1492473600,34009
629,1492560000,34289
630,1492646400,35689
631,1492732800,31503
632,1492819200,30617
633,1492905600,30808
634,1492992000,35263
635,1493078400,33686
636,1493164800,40987
637,1493251200,47033
638,1493337600,42618
639,1493424000,39482
640,1493510400,41952
641,1493596800,48068
642,1493683200,45636
643,1493769600,41350
644,1493856000,51304
645,1493942400,50095
646,1494028800,42975
647,1494115200,48071
648,1494201600,55752
649,1494288000,51882
650,1494374400,50549
651,1494460800,52736
652,1494547200,47082
653,1494633600,42604
654,1494720000,44514
655,1494806400,52248
656,1494892800,51916
657,1494979200,59459
658,1495065600,59035
659,1495152000,72064
660,1495238400,52675
661,1495324800,60677
662,1495411200,76476
663,1495497600,84426
664,1495584000,82146
665,1495670400,81901
666,1495756800,75678
667,1495843200,65270
668,1495929600,63973
669,1496016000,69562
670,1496102400,84007
671,1496188800,102402
672,1496275200,95595
673,1496361600,80264
674,1496448000,79329
675,1496534400,81575
676,1496620800,90299
677,1496707200,93592
678,1496793600,91758
679,1496880000,87234
680,1496966400,98331
681,1497052800,102761
682,1497139200,116037
683,1497225600,143038
684,1497312000,140491
685,1497398400,125473
686,1497484800,128654
687,1497571200,115990
688,1497657600,114297
689,1497744000,117416
690,1497830400,135673
691,1497916800,149150
692,1498003200,119668
693,1498089600,144497
694,1498176000,140575
695,1498262400,124772
696,1498348800,118434
697,1498435200,161094
698,1498521600,130722
699,1498608000,133105
700,1498694400,128143
701,1498780800,125613
702,1498867200,118104
703,1498953600,116149
704,1499040000,139504
705,1499126400,136998
706,1499212800,125726
707,1499299200,123558
708,1499385600,141222
709,1499472000,114568
710,1499558400,106591
711,1499644800,136397
712,1499731200,136938
713,1499817600,131339
714,1499904000,117609
715,1499990400,115928
716,1500076800,107688
717,1500163200,114090
718,1500249600,115784
719,1500336000,124659
720,1500422400,127989
721,1500508800,123360
722,1500595200,116402
723,1500681600,99867
724,1500768000,134703
725,1500854400,118331
726,1500940800,114825
727,1501027200,106966
728,1501113600,113766
729,1501200000,116632
730,1501286400,96659
731,1501372800,108275
732,1501459200,134872
733,1501545600,106107
734,1501632000,110900
735,1501718400,109546
736,1501804800,121245
737,1501891200,119543
738,1501977600,118304
739,1502064000,128780
740,1502150400,148110
741,1502236800,134365
742,1502323200,154590
743,1502409600,155324
744,1502496000,144077
745,1502582400,143119
746,1502668800,181133
747,1502755200,179535
748,1502841600,177618
749,1502928000,181314
750,1503014400,189599
751,1503100800,167049
752,1503187200,142439
753,1503273600,175160
754,1503360000,160695
755,1503446400,173228
756,1503532800,156441
757,1503619200,166765
758,1503705600,134774
759,1503792000,138709
760,1503878400,161713
761,1503964800,175887
762,1504051200,185483
763,1504137600,185903
764,1504224000,179046
765,1504310400,152765
766,1504396800,138701
767,1504483200,204530
768,1504569600,195551
769,1504656000,208473
770,1504742400,188523
771,1504828800,192467
772,1504915200,166105
773,1505001600,150663
774,1505088000,173113
775,1505174400,196272
776,1505260800,170419
777,1505347200,190503
778,1505433600,204789
779,1505520000,154075
780,1505606400,136941
781,1505692800,178749
782,1505779200,162817
783,1505865600,147836
784,1505952000,142841
785,1506038400,121254
786,1506124800,121411
787,1506211200,124421
788,1506297600,137119
789,1506384000,131153
790,1506470400,135765
791,1506556800,147791
792,1506643200,156714
793,1506729600,133151
794,1506816000,124278
795,1506902400,140401
796,1506988800,141331
797,1507075200,129059
798,1507161600,135034
799,1507248000,132567
800,1507334400,127245
801,1507420800,128629
802,1507507200,135126
803,1507593600,154041
804,1507680000,155522
805,1507766400,153890
806,1507852800,170469
807,1507939200,145289
808,1508025600,139572
809,1508112000,144220
810,1508198400,189570
811,1508284800,165342
812,1508371200,156856
813,1508457600,170173
814,1508544000,160742
815,1508630400,186909
816,1508716800,166494
817,1508803200,170165
818,1508889600,154253
819,1508976000,162618
820,1509062400,154874
821,1509148800,146002
822,1509235200,153401
823,1509321600,166123
824,1509408000,182932
825,1509494400,202644
826,1509580800,220466
827,1509667200,186478
828,1509753600,151330
829,1509840000,150763
830,1509926400,174732
831,1510012800,175979
832,1510099200,189926
833,1510185600,190626
834,1510272000,188493
835,1510358400,160347
836,1510444800,183910
837,1510531200,181225
838,1510617600,199988
839,1510704000,223244
840,1510790400,202645
841,1510876800,212944
842,1510963200,183780
843,1511049600,189524
844,1511136000,219476
845,1511222400,218139
846,1511308800,220795
847,1511395200,225891
848,1511481600,218081
849,1511568000,216984
850,1511654400,220373
851,1511740800,260656
852,1511827200,278303
853,1511913600,299281
854,1512000000,285565
855,1512086400,268631
856,1512172800,271028
857,1512259200,293629
858,1512345600,276215
859,1512432000,289577
860,1512518400,380313
861,1512604800,290036
862,1512691200,330413
863,1512777600,311016
864,1512864000,312247
865,1512950400,380294
866,1513036800,410522
867,1513123200,435675
868,1513209600,461722
869,1513296000,425951
870,1513382400,401509
871,1513468800,399637
872,1513555200,468630
873,1513641600,501139
874,1513728000,491617
875,1513814400,535598
876,1513900800,565433
877,1513987200,449595
878,1514073600,345239
879,1514160000,358548
880,1514246400,395997
881,1514332800,424109
882,1514419200,451719
883,1514505600,543083
884,1514592000,581059
885,1514678400,439879
886,1514764800,451998
887,1514851200,586797
888,1514937600,629392
889,1515024000,702940
890,1515110400,690235
891,1515196800,657053
892,1515283200,596175
893,1515369600,643389
894,1515456000,699229
895,1515542400,642920
896,1515628800,646356
897,1515715200,590107
898,1515801600,628030
899,1515888000,573315
900,1515974400,689905
901,1516060800,714225
902,1516147200,700017
903,1516233600,666438
904,1516320000,527087
905,1516406400,447804
906,1516492800,581373
907,1516579200,494049
908,1516665600,455973
909,1516752000,436862
910,1516838400,356979
911,1516924800,462472
912,1517011200,400533
913,1517097600,418541
914,1517184000,446137
915,1517270400,432135
916,1517356800,434297
917,1517443200,483961
918,1517529600,477848
919,1517616000,386100
920,1517702400,390788
921,1517788800,420605
922,1517875200,425657
923,1517961600,390899
924,1518048000,318872
925,1518134400,369110
926,1518220800,389413
927,1518307200,346086
928,1518393600,394940
929,1518480000,336310
930,1518566400,355600
931,1518652800,367990
932,1518739200,311007
933,1518825600,316744
934,1518912000,312835
935,1518998400,354249
936,1519084800,375920
937,1519171200,348747
938,1519257600,327243
939,1519344000,313928
940,1519430400,280631
941,1519516800,280732
942,1519603200,349032
943,1519689600,331637
944,1519776000,356756
945,1519862400,325983
946,1519948800,334720
947,1520035200,292902
948,1520121600,272420
949,1520208000,341039
950,1520294400,344292
951,1520380800,446567
952,1520467200,328651
953,1520553600,316142
954,1520640000,294827
955,1520726400,269455
956,1520812800,310872
957,1520899200,318086
958,1520985600,340814
959,1521072000,317769
960,1521158400,299714
961,1521244800,271646
962,1521331200,308344
963,1521417600,346002
964,1521504000,309062
965,1521590400,321548
966,1521676800,304806
967,1521763200,360771
968,1521849600,323054
969,1521936000,239379
970,1522022400,298471
971,1522108800,276378
972,1522195200,263701
973,1522281600,284767
974,1522368000,302697
975,1522454400,258005
976,1522540800,241667
977,1522627200,272345
978,1522713600,295636
979,1522800000,277388
980,1522886400,321740
981,1522972800,296087
982,1523059200,256927
983,1523145600,276349
984,1523232000,299876
985,1523318400,273718
986,1523404800,282619
987,1523491200,319473
988,1523577600,324122
989,1523664000,274467
990,1523750400,280462
991,1523836800,298025
992,1523923200,318108
993,1524009600,303442
994,1524096000,336554
995,1524182400,353036
996,1524268800,362104
997,1524355200,375269
998,1524441600,398853
999,1524528000,397119
1000,1524614400,352729
1001,1524700800,347314
1002,1524787200,329409
1003,1524873600,334905
1004,1524960000,309662
1005,1525046400,349845
1006,1525132800,316590
1007,1525219200,352782
1008,1525305600,384820
1009,1525392000,636842
1010,1525478400,386029
1011,1525564800,365220
1012,1525651200,387600
1013,1525737600,392906
1014,1525824000,380628
1015,1525910400,377753
1016,1525996800,378266
1017,1526083200,362743
1018,1526169600,347440
1019,1526256000,384986
1020,1526342400,390493
1021,1526428800,401754
1022,1526515200,402182
1023,1526601600,402564
1024,1526688000,400723
1025,1526774400,370323
1026,1526860800,385610
1027,1526947200,401508
1028,1527033600,396809
1029,1527120000,407598
1030,1527206400,382613
1031,1527292800,364419
1032,1527379200,386427
1033,1527465600,434911
1034,1527552000,398413
1035,1527638400,400827
1036,1527724800,407822
1037,1527811200,363396
1038,1527897600,390600
1039,1527984000,401453
1040,1528070400,382946
1041,1528156800,369706
1042,1528243200,364224
1043,1528329600,390856
1044,1528416000,353661
1045,1528502400,377206
1046,1528588800,375340
1047,1528675200,379350
1048,1528761600,333131
1049,1528848000,355800
1050,1528934400,359735
1051,1529020800,374176
1052,1529107200,296327
1053,1529193600,312235
1054,1529280000,327097
1055,1529366400,360185
1056,1529452800,372228
1057,1529539200,366233
1058,1529625600,372048
1059,1529712000,325471
1060,1529798400,337647
1061,1529884800,476642
1062,1529971200,363353
1063,1530057600,373569
1064,1530144000,384881
1065,1530230400,364242
1066,1530316800,247996
1067,1530403200,193411
1068,1530489600,232096
1069,1530576000,227933
1070,1530662400,225808
1071,1530748800,247255
1072,1530835200,215491
1073,1530921600,212632
1074,1531008000,266212
1075,1531094400,282604
1076,1531180800,284996
1077,1531267200,263993
1078,1531353600,247943
1079,1531440000,231582
1080,1531526400,225112
1081,1531612800,223361
1082,1531699200,324533
1083,1531785600,334043
1084,1531872000,385497
1085,1531958400,353380
1086,1532044800,325993
1087,1532131200,277942
1088,1532217600,319803
1089,1532304000,382842
1090,1532390400,405268
1091,1532476800,406421
1092,1532563200,366091
1093,1532649600,393551
1094,1532736000,357777
1095,1532822400,348481
1096,1532908800,365628
1097,1532995200,364774
1098,1533081600,362641
1099,1533168000,361891
1100,1533254400,373515
1101,1533340800,329665
1102,1533427200,307041
1103,1533513600,335825
1104,1533600000,307071
1105,1533686400,269653
1106,1533772800,262265
1107,1533859200,298821
1108,1533945600,320551
1109,1534032000,323034
1110,1534118400,336707
1111,1534204800,322562
1112,1534291200,315555
1113,1534377600,336958
1114,1534464000,298310
1115,1534550400,291247
1116,1534636800,283965
1117,1534723200,319204
1118,1534809600,283375
1119,1534896000,292932
1120,1534982400,289997
1121,1535068800,301887
1122,1535155200,290696
1123,1535241600,301704
1124,1535328000,319753
1125,1535414400,311432
1126,1535500800,257379
1127,1535587200,272927
1128,1535673600,277839
1129,1535760000,307537
1130,1535846400,312176
1131,1535932800,317999
1132,1536019200,296656
1133,1536105600,302289
1134,1536192000,290897
1135,1536278400,294029
1136,1536364800,274658
1137,1536451200,278538
1138,1536537600,271355
1139,1536624000,248152
1140,1536710400,248885
1141,1536796800,265172
1142,1536883200,240159
1143,1536969600,209539
1144,1537056000,208452
1145,1537142400,253144
1146,1537228800,224345
1147,1537315200,216210
1148,1537401600,232801
1149,1537488000,244858
1150,1537574400,216166
1151,1537660800,213502
1152,1537747200,215325
1153,1537833600,228975
1154,1537920000,213754
1155,1538006400,233265
1156,1538092800,235655
1157,1538179200,199983
1158,1538265600,229339
1159,1538352000,220471
1160,1538438400,217721
1161,1538524800,254293
1162,1538611200,267083
1163,1538697600,278701
1164,1538784000,282015
1165,1538870400,230043
1166,1538956800,249668
1167,1539043200,253648
1168,1539129600,242818
1169,1539216000,256020
1170,1539302400,252120
1171,1539388800,250542
1172,1539475200,235777
1173,1539561600,266483
1174,1539648000,275248
1175,1539734400,281159
1176,1539820800,267431
1177,1539907200,262565
1178,1539993600,254041
1179,1540080000,239209
1180,1540166400,281713
1181,1540252800,269733
1182,1540339200,271812
1183,1540425600,258725
1184,1540512000,266347
1185,1540598400,240906
1186,1540684800,244275
1187,1540771200,289791
1188,1540857600,298978
1189,1540944000,287944
1190,1541030400,271856
1191,1541116800,236992
1192,1541203200,229463
1193,1541289600,236669
1194,1541376000,262431
1195,1541462400,251965
1196,1541548800,238372
1197,1541635200,233419
1198,1541721600,258067
1199,1541808000,237237
1200,1541894400,263930
1201,1541980800,261016
1202,1542067200,248555
1203,1542153600,257977
1204,1542240000,248930
1205,1542326400,238707
1206,1542412800,217636
1207,1542499200,213228
1208,1542585600,291014
1209,1542672000,265317
1210,1542758400,233937
1211,1542844800,228962
1212,1542931200,230052
1213,1543017600,203765
1214,1543104000,222053
1215,1543190400,234432
1216,1543276800,223427
1217,1543363200,248140
1218,1543449600,220224
1219,1543536000,235165
1220,1543622400,211012
1221,1543708800,206970
1222,1543795200,221674
1223,1543881600,216687
1224,1543968000,234206
1225,1544054400,230912
1226,1544140800,245120
1227,1544227200,258649
1228,1544313600,227890
1229,1544400000,253681
1230,1544486400,220323
1231,1544572800,220922
1232,1544659200,222198
1233,1544745600,224141
1234,1544832000,229908
1235,1544918400,232587
1236,1545004800,234430
1237,1545091200,221969
1238,1545177600,243591
1239,1545264000,244596
1240,1545350400,240591
1241,1545436800,200280
1242,1545523200,226021
1243,1545609600,250719
1244,1545696000,225577
1245,1545782400,231627
1246,1545868800,236954
1247,1545955200,246352
1248,1546041600,239155
1249,1546128000,206301
1250,1546214400,223168
1251,1546300800,199718
1252,1546387200,238591
1253,1546473600,256833
1254,1546560000,226922
1255,1546646400,214353
1256,1546732800,219445
1257,1546819200,248305
1258,1546905600,245232
1259,1546992000,247069
1260,1547078400,241397
1261,1547164800,233786
1262,1547251200,187940
1263,1547337600,197366
1264,1547424000,269833
1265,1547510400,243768
1266,1547596800,215489
1267,1547683200,215061
1268,1547769600,215722
1269,1547856000,206647
1270,1547942400,194747
1271,1548028800,213394
1272,1548115200,205638
1273,1548201600,213264
1274,1548288000,201489
1275,1548374400,211410
1276,1548460800,195036
1277,1548547200,200010
1278,1548633600,240993
1279,1548720000,218188
1280,1548806400,207513
1281,1548892800,207126
1282,1548979200,203189
1283,1549065600,182227
1284,1549152000,168013
1285,1549238400,164595
1286,1549324800,167213
1287,1549411200,171986
1288,1549497600,167519
1289,1549584000,184410
1290,1549670400,169210
1291,1549756800,155953
1292,1549843200,178065
1293,1549929600,183115
1294,1550016000,187874
1295,1550102400,187709
1296,1550188800,191532
1297,1550275200,180899
1298,1550361600,175920
1299,1550448000,222679
1300,1550534400,218510
1301,1550620800,201485
1302,1550707200,193284
1303,1550793600,197973
1304,1550880000,188464
1305,1550966400,201385
1306,1551052800,209900
1307,1551139200,209723
1308,1551225600,214695
1309,1551312000,221659
1310,1551398400,225872
1311,1551484800,207944
1312,1551571200,194227
1313,1551657600,227430
1314,1551744000,226692
1315,1551830400,225872
1316,1551916800,225519
1317,1552003200,226292
1318,1552089600,224382
1319,1552176000,188550
1320,1552262400,206611
1321,1552348800,227971
1322,1552435200,221073
1323,1552521600,228308
1324,1552608000,215033
1325,1552694400,193302
1326,1552780800,200211
1327,1552867200,229432
1328,1552953600,234632
1329,1553040000,230507
1330,1553126400,217302
1331,1553212800,220950
1332,1553299200,204313
1333,1553385600,202033
1334,1553472000,255205
1335,1553558400,241694
1336,1553644800,231730
1337,1553731200,241263
1338,1553817600,235121
1339,1553904000,231633
1340,1553990400,220683
1341,1554076800,279675
1342,1554163200,310402
1343,1554249600,292611
1344,1554336000,260778
1345,1554422400,252322
1346,1554508800,222522
1347,1554595200,233764
1348,1554681600,263907
1349,1554768000,262657
1350,1554854400,250109
1351,1554940800,284524
1352,1555027200,298063
1353,1555113600,250067
1354,1555200000,206183
1355,1555286400,249889
1356,1555372800,245079
1357,1555459200,254306
1358,1555545600,258054
1359,1555632000,282606
1360,1555718400,332957
1361,1555804800,270823
1362,1555891200,284359
1363,1555977600,289051
1364,1556064000,267266
1365,1556150400,253973
1366,1556236800,249803
1367,1556323200,215559
1368,1556409600,220006
1369,1556496000,243373
1370,1556582400,261278
1371,1556668800,264192
1372,1556755200,226055
1373,1556841600,238961
1374,1556928000,219018
1375,1557014400,222634
1376,1557100800,246461
1377,1557187200,242072
1378,1557273600,248644
1379,1557360000,253883
1380,1557446400,265020
1381,1557532800,260438
1382,1557619200,249666
1383,1557705600,287808
1384,1557792000,315537
1385,1557878400,334565
1386,1557964800,360933
1387,1558051200,321470
1388,1558137600,286082
1389,1558224000,280526
1390,1558310400,303784
1391,1558396800,325200
1392,1558483200,304000
1393,1558569600,308834
1394,1558656000,317732
1395,1558742400,292288
1396,1558828800,286289
1397,1558915200,340415
1398,1559001600,325007
1399,1559088000,328964
1400,1559174400,331147
1401,1559260800,354727
1402,1559347200,434042
1403,1559433600,406340
1404,1559520000,360611
1405,1559606400,324415
1406,1559692800,295236
1407,1559779200,337298
1408,1559865600,268897
1409,1559952000,249749
1410,1560038400,304530
1411,1560124800,289265
1412,1560211200,353491
1413,1560297600,448574
1414,1560384000,324614
1415,1560470400,313577
1416,1560556800,309419
1417,1560643200,416811
1418,1560729600,294631
1419,1560816000,311976
1420,1560902400,306246
1421,1560988800,284443
1422,1561075200,335925
1423,1561161600,320424
1424,1561248000,293196
1425,1561334400,321384
1426,1561420800,321003
1427,1561507200,354847
1428,1561593600,322803
1429,1561680000,298289
1430,1561766400,279809
1431,1561852800,257188
1432,1561939200,292532
1433,1562025600,347614
1434,1562112000,323873
1435,1562198400,316743
1436,1562284800,286125
1437,1562371200,268148
1438,1562457600,242878
1439,1562544000,297628
1440,1562630400,315248
1441,1562716800,302167
1442,1562803200,281037
1443,1562889600,298916
1444,1562976000,239712
1445,1563062400,251445
1446,1563148800,298680
1447,1563235200,240463
1448,1563321600,283917
1449,1563408000,271457
1450,1563494400,269622
1451,1563580800,238478
1452,1563667200,216218
1453,1563753600,275572
1454,1563840000,240223
1455,1563926400,227754
1456,1564012800,232158
1457,1564099200,257163
1458,1564185600,241353
1459,1564272000,239653
1460,1564358400,266045
1461,1564444800,301639
1462,1564531200,260057
1463,1564617600,246724
1464,1564704000,268489
1465,1564790400,225870
1466,1564876800,238818
1467,1564963200,301906
1468,1565049600,313651
1469,1565136000,280128
1470,1565222400,275012
1471,1565308800,289600
1472,1565395200,270473
1473,1565481600,240569
1474,1565568000,298162
1475,1565654400,285784
1476,1565740800,285729
1477,1565827200,262362
1478,1565913600,295864
1479,1566000000,254892
1480,1566086400,242602
1481,1566172800,273077
1482,1566259200,286604
1483,1566345600,292065
1484,1566432000,282136
1485,1566518400,292250
1486,1566604800,267433
1487,1566691200,258886
1488,1566777600,286483
1489,1566864000,289409
1490,1566950400,278235
1491,1567036800,284006
1492,1567123200,271360
1493,1567209600,257806
1494,1567296000,248057
1495,1567382400,291287
1496,1567468800,282766
1497,1567555200,277368
1498,1567641600,307606
1499,1567728000,299772
1500,1567814400,267753
1501,1567900800,264024
1502,1567987200,301253
1503,1568073600,281554
1504,1568160000,283969
1505,1568246400,286123
1506,1568332800,253073
1507,1568419200,254012
1508,1568505600,261175
1509,1568592000,294845
1510,1568678400,280143
1511,1568764800,284811
1512,1568851200,274026
1513,1568937600,288778
1514,1569024000,228626
1515,1569110400,216587
1516,1569196800,231699
1517,1569283200,269909
1518,1569369600,253504
1519,1569456000,245498
1520,1569542400,242179
1521,1569628800,234169
1522,1569715200,209021
1523,1569801600,248497
1524,1569888000,252220
1525,1569974400,249606
1526,1570060800,220089
1527,1570147200,216137
1528,1570233600,227331
1529,1570320000,216643
1530,1570406400,234315
1531,1570492800,251807
1532,1570579200,278317
1533,1570665600,264966
1534,1570752000,264451
1535,1570838400,233729
1536,1570924800,212575
1537,1571011200,239115
1538,1571097600,252269
1539,1571184000,243295
1540,1571270400,241524
1541,1571356800,267980
1542,1571443200,239444
1543,1571529600,219298
1544,1571616000,244554
1545,1571702400,249352
1546,1571788800,243501
1547,1571875200,242502
1548,1571961600,252176
1549,1572048000,250673
1550,1572134400,222839
1551,1572220800,253589
1552,1572307200,251485
1553,1572393600,249354
1554,1572480000,247514
1555,1572566400,246824
1556,1572652800,215337
1557,1572739200,207310
1558,1572825600,237572
1559,1572912000,270087
1560,1572998400,248491
1561,1573084800,319133
1562,1573171200,252226
1563,1573257600,210571
1564,1573344000,233455
1565,1573430400,263093
1566,1573516800,264436
1567,1573603200,257597
1568,1573689600,247864
1569,1573776000,238333
1570,1573862400,212615
1571,1573948800,222421
1572,1574035200,247940
1573,1574121600,247565
1574,1574208000,237369
1575,1574294400,266391
1576,1574380800,279828
1577,1574467200,216685
1578,1574553600,198040
1579,1574640000,249731
1580,1574726400,225909
1581,1574812800,218194
1582,1574899200,216662
1583,1574985600,240140
1584,1575072000,202491
1585,1575158400,213221
1586,1575244800,256251
1587,1575331200,224906
1588,1575417600,227906
1589,1575504000,227601
1590,1575590400,216599
1591,1575676800,182090
1592,1575763200,168607
1593,1575849600,241564
1594,1575936000,225919
1595,1576022400,225616
1596,1576108800,216982
1597,1576195200,219870
1598,1576281600,190180
1599,1576368000,193070
1600,1576454400,227218
1601,1576540800,217347
1602,1576627200,231445
1603,1576713600,220025
1604,1576800000,217504
1605,1576886400,198017
1606,1576972800,185181
1607,1577059200,219213
1608,1577145600,202295
1609,1577232000,193762
1610,1577318400,208066
1611,1577404800,202000
1612,1577491200,186308
1613,1577577600,173154
1614,1577664000,218531
1615,1577750400,192465
1616,1577836800,158039
1617,1577923200,174751
1618,1578009600,209314
1619,1578096000,198434
1620,1578182400,188242
1621,1578268800,220084
1622,1578355200,222686
1623,1578441600,231972
1624,1578528000,229864
1625,1578614400,212376
1626,1578700800,195503
1627,1578787200,179478
1628,1578873600,210234
1629,1578960000,243662
1630,1579046400,251197
1631,1579132800,259840
1632,1579219200,233997
1633,1579305600,224459
1634,1579392000,216565
1635,1579478400,214994
1636,1579564800,212778
1637,1579651200,195327
1638,1579737600,215879
1639,1579824000,175548
1640,1579910400,169319
1641,1579996800,151943
1642,1580083200,184006
1643,1580169600,190032
1644,1580256000,198091
1645,1580342400,196317
1646,1580428800,199320
1647,1580515200,188582
1648,1580601600,187975
1649,1580688000,235763
1650,1580774400,202067
1651,1580860800,232299
1652,1580947200,232694
1653,1581033600,241046
1654,1581120000,252688
1655,1581206400,254846
1656,1581292800,247622
1657,1581379200,267073
1658,1581465600,317429
1659,1581552000,292883
1660,1581638400,271863
1661,1581724800,260384
1662,1581811200,243737
1663,1581897600,259780
1664,1581984000,273431
1665,1582070400,254437
1666,1582156800,251714
1667,1582243200,259119
1668,1582329600,251003
1669,1582416000,263038
1670,1582502400,269304
1671,1582588800,243760
1672,1582675200,253226
1673,1582761600,262982
1674,1582848000,254412
1675,1582934400,229653
1676,1583020800,224898
1677,1583107200,261199
1678,1583193600,232483
1679,1583280000,245531
1680,1583366400,268443
1681,1583452800,246921
1682,1583539200,229749
1683,1583625600,224630
1684,1583712000,263200
1685,1583798400,251075
1686,1583884800,247064
1687,1583971200,249261
1688,1584057600,288381
1689,1584144000,247489
1690,1584230400,230493
1691,1584316800,270925
1692,1584403200,271955
1693,1584489600,301347
1694,1584576000,361267
1695,1584662400,327059
1696,1584748800,389114
1697,1584835200,294502
1698,1584921600,314975
1699,1585008000,307960
1700,1585094400,283836
1701,1585180800,294083
1702,1585267200,295685
1703,1585353600,242021
1704,1585440000,224204
1705,1585526400,267567
1706,1585612800,255479
1707,1585699200,247865
1708,1585785600,262948
1709,1585872000,266696
1710,1585958400,230773
1711,1586044800,223323
1712,1586131200,287360
1713,1586217600,275348
1714,1586304000,341429
1715,1586390400,273927
1716,1586476800,268633
1717,1586563200,248404
1718,1586649600,260341
1719,1586736000,285951
1720,1586822400,326006
1721,1586908800,299330
1722,1586995200,281971
1723,1587081600,303203
1724,1587168000,308485
1725,1587254400,290892
1726,1587340800,317088
1727,1587427200,307535
1728,1587513600,299785
1729,1587600000,324012
1730,1587686400,332408
1731,1587772800,300984
1732,1587859200,297998
1733,1587945600,320195
1734,1588032000,320857
1735,1588118400,343693
1736,1588204800,338398
1737,1588291200,326542
1738,1588377600,312607
1739,1588464000,328980
1740,1588550400,297043
1741,1588636800,295406
1742,1588723200,314809
1743,1588809600,325480
1744,1588896000,332114
1745,1588982400,340301
1746,1589068800,329149
1747,1589155200,331093
1748,1589241600,313852
1749,1589328000,292856
1750,1589414400,296751
1751,1589500800,317965
1752,1589587200,309376
1753,1589673600,296554
1754,1589760000,317913
1755,1589846400,323997
1756,1589932800,320157
1757,1590019200,325287
1758,1590105600,335941
1759,1590192000,331432
1760,1590278400,299675
1761,1590364800,316446
1762,1590451200,334357
1763,1590537600,331660
1764,1590624000,338742
1765,1590710400,372442
1766,1590796800,345357
1767,1590883200,326901
1768,1590969600,353919
1769,1591056000,387293
1770,1591142400,350695
1771,1591228800,365838
1772,1591315200,346324
1773,1591401600,331250
1774,1591488000,316266
1775,1591574400,368326
1776,1591660800,360711
1777,1591747200,347005
1778,1591833600,348213
1779,1591920000,363496
1780,1592006400,342430
1781,1592092800,317493
1782,1592179200,354751
1783,1592265600,351608
1784,1592352000,345907
1785,1592438400,373800
1786,1592524800,361984
1787,1592611200,365495
1788,1592697600,350050
1789,1592784000,384344
1790,1592870400,399294
1791,1592956800,380345
1792,1593043200,377000
1793,1593129600,379735
1794,1593216000,373462
1795,1593302400,383848
1796,1593388800,444341
1797,1593475200,422176
1798,1593561600,409751
1799,1593648000,405200
1800,1593734400,386854
1801,1593820800,382929
1802,1593907200,342832
1803,1593993600,381398
1804,1594080000,404891
1805,1594166400,405049
1806,1594252800,402552
1807,1594339200,383527
1808,1594425600,389665
1809,1594512000,370430
1810,1594598400,420213
1811,1594684800,416889
1812,1594771200,434719
1813,1594857600,392747
1814,1594944000,384442
1815,1595030400,361487
1816,1595116800,374151
1817,1595203200,411940
1818,1595289600,376641
1819,1595376000,395975
1820,1595462400,413441
1821,1595548800,391600
1822,1595635200,412990
1823,1595721600,414511
1824,1595808000,451420
1825,1595894400,482982
1826,1595980800,410744
1827,1596067200,416136
1828,1596153600,423534
1829,1596240000,442810
1830,1596326400,427668
1831,1596412800,445766
1832,1596499200,455335
1833,1596585600,459418
1834,1596672000,463473
1835,1596758400,439801
1836,1596844800,416095
1837,1596931200,389809
1838,1597017600,409219
1839,1597104000,403134
1840,1597190400,349712
1841,1597276800,375735
1842,1597363200,389349
1843,1597449600,400232
1844,1597536000,395155
1845,1597622400,396944
1846,1597708800,387219
1847,1597795200,394997
1848,1597881600,392227
1849,1597968000,417138
1850,1598054400,374847
1851,1598140800,389495
1852,1598227200,395717
1853,1598313600,383953
1854,1598400000,394674
1855,1598486400,389633
1856,1598572800,367648
1857,1598659200,339223
1858,1598745600,314721
1859,1598832000,369137
1860,1598918400,365472
1861,1599004800,346127
1862,1599091200,348892
1863,1599177600,390566
1864,1599264000,313397
1865,1599350400,345825
1866,1599436800,350898
1867,1599523200,341801
1868,1599609600,319403
1869,1599696000,314681
1870,1599782400,310103
1871,1599868800,310432
1872,1599955200,289441
1873,1600041600,312663
1874,1600128000,339271
1875,1600214400,314632
1876,1600300800,443546
1877,1600387200,426767
1878,1600473600,378055
1879,1600560000,401017
1880,1600646400,399924
1881,1600732800,365505
1882,1600819200,375632
1883,1600905600,390983
1884,1600992000,356886
1885,1601078400,355954
1886,1601164800,346970
1887,1601251200,368632
1888,1601337600,368241
1889,1601424000,367119
1890,1601510400,358750
1891,1601596800,350169
1892,1601683200,326563
1893,1601769600,337957
1894,1601856000,327199
1895,1601942400,348568
1896,1602028800,351256
1897,1602115200,347580
1898,1602201600,372579
1899,1602288000,364289
1900,1602374400,354427
1901,1602460800,369444
1902,1602547200,403473
1903,1602633600,391380
1904,1602720000,530336
1905,1602806400,482312
1906,1602892800,429359
1907,1602979200,365294
1908,1603065600,394625
1909,1603152000,387440
1910,1603238400,420394
1911,1603324800,451140
1912,1603411200,428684
1913,1603497600,392615
1914,1603584000,349205
1915,1603670400,381006
1916,1603756800,384836
1917,1603843200,407905
1918,1603929600,375870
1919,1604016000,388942
1920,1604102400,408519
1921,1604188800,381618
1922,1604275200,415240
1923,1604361600,408909
1924,1604448000,464479
1925,1604534400,425219
1926,1604620800,458345
1927,1604707200,431888
1928,1604793600,395733
1929,1604880000,430427
1930,1604966400,415848
1931,1605052800,425700
1932,1605139200,407933
1933,1605225600,424626
1934,1605312000,423499
1935,1605398400,383372
1936,1605484800,415789
1937,1605571200,434040
1938,1605657600,414826
1939,1605744000,435240
1940,1605830400,440415
1941,1605916800,462587
1942,1606003200,449415
1943,1606089600,468215
1944,1606176000,458576
1945,1606262400,476225
1946,1606348800,415748
1947,1606435200,445041
1948,1606521600,406923
1949,1606608000,438952
1950,1606694400,428456
1951,1606780800,435858
1952,1606867200,401717
1953,1606953600,409059
1954,1607040000,408018
1955,1607126400,400453
1956,1607212800,375365
1957,1607299200,393556
1958,1607385600,401981
1959,1607472000,400365
1960,1607558400,379249
1961,1607644800,402565
1962,1607731200,424053
1963,1607817600,451610
1964,1607904000,469111
1965,1607990400,442871
1966,1608076800,485879
1967,1608163200,534635
1968,1608249600,474791
1969,1608336000,476143
1970,1608422400,403587
1971,1608508800,402169
1972,1608595200,406165
1973,1608681600,456561
1974,1608768000,424913
1975,1608854400,399942
1976,1608940800,406535
1977,1609027200,428412
1978,1609113600,463872
1979,1609200000,451257
1980,1609286400,449682
1981,1609372800,425338
1982,1609459200,445278
1983,1609545600,422461
1984,1609632000,492481
1985,1609718400,513954
1986,1609804800,507048
1987,1609891200,533812
1988,1609977600,572564
1989,1610064000,533554
1990,1610150400,538240
1991,1610236800,526696
1992,1610323200,515766
1993,1610409600,468627
1994,1610496000,460089
1995,1610582400,489941
1996,1610668800,507082
1997,1610755200,493810
1998,1610841600,459262
1999,1610928000,483810
2000,1611014400,512059
2001,1611100800,494324
2002,1611187200,452612
2003,1611273600,451812
2004,1611360000,451296
2005,1611446400,445826
2006,1611532800,467889
2007,1611619200,477763
2008,1611705600,429185
2009,1611792000,479301
2010,1611878400,530180
2011,1611964800,502843
2012,1612051200,482197
2013,1612137600,502910
2014,1612224000,521483
2015,1612310400,550200
2016,1612396800,536393
2017,1612483200,524956
2018,1612569600,506364
2019,1612656000,503706
2020,1612742400,526163
2021,1612828800,536810
2022,1612915200,543234
2023,1613001600,533153
2024,1613088000,523605
2025,1613174400,495410
2026,1613260800,474178
2027,1613347200,481467
2028,1613433600,503115
2029,1613520000,512969
2030,1613606400,532291
2031,1613692800,558138
2032,1613779200,561557
2033,1613865600,524384
2034,1613952000,521146
2035,1614038400,502733
2036,1614124800,516924
2037,1614211200,502977
2038,1614297600,505479
2039,1614384000,499189
2040,1614470400,481304
2041,1614556800,491391
2042,1614643200,511071
2043,1614729600,483822
